"year","country","pop","gdp"
2010,"USA",314.242013,12927.03013
2011,"USA",317.18722712,13168.125728
2012,"USA",320.13244124,13409.221325999999
2013,"USA",323.07765536,13650.316923999999
2014,"USA",326.02286948,13891.412522000002
2015,"USA",328.9680836,14132.50812
2016,"USA",332.49546910000004,14517.704842000003
2017,"USA",336.0228546,14902.901564
2018,"USA",339.5502401,15288.098286
2019,"USA",343.07762560000003,15673.295008000001
2020,"USA",346.6050111,16058.49173
2021,"USA",350.65255228000007,16465.244412
2022,"USA",354.70009346,16871.997094
2023,"USA",358.74763464,17278.749776
2024,"USA",362.79517582000005,17685.502458000003
2025,"USA",366.842717,18092.25514
2026,"USA",371.10215354,18526.732930000002
2027,"USA",375.36159008,18961.210720000003
2028,"USA",379.62102662,19395.68851
2029,"USA",383.88046316000003,19830.1663
2030,"USA",388.1398997,20264.64409
2031,"USA",392.44105822,20786.497656
2032,"USA",396.74221674,21308.351222
2033,"USA",401.04337526,21830.204788
2034,"USA",405.34453378,22352.058354
2035,"USA",409.6456923,22873.91192
2036,"USA",414.0430342,23478.368104
2037,"USA",418.4403761,24082.824288
2038,"USA",422.837718,24687.280472
2039,"USA",427.2350599,25291.736656
2040,"USA",431.6324018,25896.19284
2041,"USA",436.16813414,26586.572358000005
2042,"USA",440.70386648,27276.951876
2043,"USA",445.23959881999997,27967.331394
2044,"USA",449.77533116,28657.710912000002
2045,"USA",454.3110635,29348.09043
2046,"USA",459.09622504000004,30068.912226
2047,"USA",463.88138657999997,30789.734022
2048,"USA",468.66654812,31510.555818
2049,"USA",473.45170966,32231.377614000005
2050,"USA",478.2368712,32952.19941
2051,"USA",483.27529324,33747.027044
2052,"USA",488.31371528,34541.854678
2053,"USA",493.35213732,35336.682312000004
2054,"USA",498.39055936,36131.509946
2055,"USA",503.4289814,36926.33758
2056,"USA",508.72096746,37839.614610000004
2057,"USA",514.01295352,38752.89164
2058,"USA",519.30493958,39666.16867
2059,"USA",524.59692564,40579.445700000004
2060,"USA",529.8889117,41492.72273
2061,"USA",535.20914366,42568.935256000004
2062,"USA",540.52937562,43645.147782
2063,"USA",545.84960758,44721.360308
2064,"USA",551.16983954,45797.572834000006
2065,"USA",556.4900715,46873.78536
2066,"USA",561.77000222,48079.01535
2067,"USA",567.04993294,49284.24534
2068,"USA",572.32986366,50489.47533
2069,"USA",577.60979438,51694.70532
2070,"USA",582.8897251,52899.93531
2071,"USA",588.11521454,54261.117656
2072,"USA",593.34070398,55622.300002
2073,"USA",598.56619342,56983.482348
2074,"USA",603.79168286,58344.66469400001
2075,"USA",609.0171723,59705.84704
2076,"USA",613.98952584,61240.17933800001
2077,"USA",618.9618793799999,62774.511636
2078,"USA",623.9342329199999,64308.843934000004
2079,"USA",628.90658646,65843.17623200001
2080,"USA",633.87894,67377.50853
2081,"USA",638.5028345999999,69074.69683400002
2082,"USA",643.1267292,70771.885138
2083,"USA",647.7506238,72469.073442
2084,"USA",652.3745184,74166.261746
2085,"USA",656.998413,75863.45005
2086,"USA",661.2906687,77793.889572
2087,"USA",665.5829244,79724.329094
2088,"USA",669.8751801,81654.768616
2089,"USA",674.1674358,83585.20813800002
2090,"USA",678.4596915,85515.64766
2091,"USA",682.2829441,87659.69804800002
2092,"USA",686.1061966999999,89803.748436
2093,"USA",689.9294493,91947.798824
2094,"USA",693.7527018999999,94091.84921200002
2095,"USA",697.5759545,96235.8996
2096,"USA",700.8753178,98626.0467
2097,"USA",704.1746811,101016.19380000001
2098,"USA",707.4740443999999,103406.34090000001
2099,"USA",710.7734077,105796.48800000001
2100,"USA",714.072771,108186.6351
2101,"USA",717.406451311214,110738.91703024118
2102,"USA",720.7413180894089,113341.16402764704
2103,"USA",724.0773127661695,115994.11062516886
2104,"USA",727.4143694499072,118698.5012644471
2105,"USA",730.7524224952977,121455.08639616315
2106,"USA",734.0914064798009,124264.62247994056
2107,"USA",737.4312562067275,127127.87194648168
2108,"USA",740.7719067081663,130045.60315845936
2109,"USA",744.1132932478642,133018.59036985325
2110,"USA",747.4553513240628,136047.61368373354
2111,"USA",750.7980166722874,139133.4590084933
2112,"USA",754.1412252680905,142276.91801252935
2113,"USA",757.4849133297503,145478.78807737515
2114,"USA",760.8290173209241,148739.87224928598
2115,"USA",764.1734739532553,152060.97918928074
2116,"USA",767.5182201889363,155442.9231216426
2117,"USA",770.8631932432259,158886.5237808828
2118,"USA",774.2083305869219,162392.60635717152
2119,"USA",777.5535699487901,165962.00144024135
2120,"USA",780.8988493179472,169595.54496176715
2121,"USA",784.2441069462008,173294.0781362303
2122,"USA",787.5892813503443,177058.4474002713
2123,"USA",790.934311314409,180889.5043505398
2124,"USA",794.2791358918713,184788.10568004724
2125,"USA",797.623694407817,188755.1131130323
2126,"USA",800.9679264610626,192791.3933383452
2127,"USA",804.3117719262327,196897.81794136163
2128,"USA",807.6551709557948,201075.26333443384
2129,"USA",810.9980639820519,205324.61068589112
2130,"USA",814.3403917190915,209646.7458475971
2131,"USA",817.6820951646936,214042.55928107735
2132,"USA",821.0231156021956,218512.94598222687
2133,"USA",824.363394602316,223058.80540460997
2134,"USA",827.7028740249364,227681.04138136457
2135,"USA",831.0414960208414,232380.56204572393
2136,"USA",834.3792030334191,237158.2797501686
2137,"USA",837.7159378003186,242015.11098422247
2138,"USA",841.0516433550681,246951.976290907
2139,"USA",844.3862630286528,251969.8001818684
2140,"USA",847.7197404510518,257069.5110511921
2141,"USA",851.0520195527357,262252.0410879207
2142,"USA",854.3830445661239,267518.32618729107
2143,"USA",857.7127600270034,272869.3058607063
2144,"USA",861.0411107759079,278305.92314445984
2145,"USA",864.3680419594582,283829.1245072296
2146,"USA",867.6934990316638,289439.8597563573
2147,"USA",871.0174277551862,295139.08194293367
2148,"USA",874.3397742025644,300927.74726570596
2149,"USA",877.6604847574026,306806.8149738275
2150,"USA",880.9795061155198,312777.2472684675
2151,"USA",884.2967852860627,318840.0092033019
2152,"USA",887.6122695925814,324996.0685839033
2153,"USA",890.9259066740684,331246.3958660519
2154,"USA",894.2376444859617,337591.9640529864
2155,"USA",897.5474313011104,344033.7485916179
2156,"USA",900.855215710706,350572.7272677247
2157,"USA",904.160946625178,357209.8801001534
2158,"USA",907.4645732750524,363946.1892340447
2159,"USA",910.7660452117776,370782.6388331084
2160,"USA",914.065312308514,377720.21497096936
2161,"USA",917.3623247608896,384759.90552160575
2162,"USA",920.6570330877224,391902.7000489057
2163,"USA",923.9493881317072,399149.5896953622
2164,"USA",927.2393410600708,406501.56706993264
2165,"USA",930.5268433651918,413959.6261350845
2166,"USA",933.81184686519,421524.7620930539
2167,"USA",937.0943037044808,429197.9712713377
2168,"USA",940.3741663542996,436980.25100744766
2169,"USA",943.651387613191,444872.599532949
2170,"USA",946.9259206074696,452876.01585680706
2171,"USA",950.1977187916476,460991.4996480726
2172,"USA",953.4667359488316,469220.05111792375
2173,"USA",956.7329261910878,477562.67090109613
2174,"USA",959.9962439597784,486020.35993672424
2175,"USA",963.2566440258654,494594.1193486195
2176,"USA",966.5140814901876,503284.9503250131
2177,"USA",969.768511783705,512093.8539977872
2178,"USA",973.0198906677144,521021.8313212237
2179,"USA",976.2681742340388,530069.8829502931
2180,"USA",979.5133189051834,539239.0091185159
2181,"USA",982.7552814344676,548530.2095154156
2182,"USA",985.9940189061256,557944.4831635971
2183,"USA",989.2294887353816,567482.8282954731
2184,"USA",992.461648668496,577146.2422296673
2185,"USA",995.6904567827842,586935.7212471194
2186,"USA",998.9158714866104,596852.260466922
2187,"USA",1002.1378515193528,606896.8537219138
2188,"USA",1005.3563559513432,617070.4934340571
2189,"USA",1008.5713441837798,627374.1704896275
2190,"USA",1011.7827759486172,637808.8741142423
2191,"USA",1014.990611308427,648375.5917477543
2192,"USA",1018.194810656236,659075.3089190393
2193,"USA",1021.3953347153384,669909.0091207047
2194,"USA",1024.5921445390854,680877.6736837433
2195,"USA",1027.7852015106462,691982.281652165
2196,"USA",1030.9744673427508,703223.8096576277
2197,"USA",1034.1599040774047,714603.2317940991
2198,"USA",1037.341474085583,726121.5194925731
2199,"USA",1040.5191400668998,737779.6413958701
2200,"USA",1043.6928650492555,749578.5632335469
2201,"USA",1046.862612388462,761519.2476969431
2202,"USA",1050.0283457678458,773602.6543143911
2203,"USA",1053.1900291978277,785829.7393266169
2204,"USA",1056.347627015483,798201.455562356
2205,"USA",1059.5011038840807,810718.7523142142
2206,"USA",1062.6504247925975,823382.5752147973
2207,"USA",1065.7955550552178,836193.8661131348
2208,"USA",1068.936460310807,849153.5629514285
2209,"USA",1072.0731065223688,862262.5996421458
2210,"USA",1075.2054599764808,875521.9059454877
2211,"USA",1078.3334872827115,888932.4073472562
2212,"USA",1081.4571553730168,902495.024937145
2213,"USA",1084.5764315011186,916210.6752874806
2214,"USA",1087.691283241864,930080.2703324382
2215,"USA",1090.801678490568,944104.7172477582
2216,"USA",1093.9075854623345,958284.9183309844
2217,"USA",1097.0089726913614,972621.7708822546
2218,"USA",1100.10580903023,987116.167085662
2219,"USA",1103.1980636491735,1.0017689938912157e6
2220,"USA",1106.2857060353313,1.0165811328974194e6
2221,"USA",1109.3687059919832,1.0315534602344994e6
2222,"USA",1112.4470336377717,1.046686846448297e6
2223,"USA",1115.5206594059032,1.061982156384854e6
2224,"USA",1118.5895540433382,1.0774402490757126e6
2225,"USA",1121.653688609961,1.0930619776239516e6
2226,"USA",1124.7130344777363,1.1088481890909823e6
2227,"USA",1127.767563329851,1.1247997243841265e6
2228,"USA",1130.8172471598416,1.1409174181449956e6
2229,"USA",1133.862058270702,1.1572020986386992e6
2230,"USA",1136.9019692739837,1.173654587643895e6
2231,"USA",1139.9369530888785,1.1902757003437085e6
2232,"USA",1142.9669829412865,1.207066245217541e6
2233,"USA",1145.992032362872,1.2240270239337862e6
2234,"USA",1149.0120751901047,1.2411588312434745e6
2235,"USA",1152.02708556329,1.258462454874865e6
2236,"USA",1155.0370379255833,1.275938675429009e6
2237,"USA",1158.041907021994,1.293588266276296e6
2238,"USA",1161.041667898375,1.311411993454011e6
2239,"USA",1164.036295900403,1.329410615564912e6
2240,"USA",1167.0257666725445,1.3475848836768535e6
2241,"USA",1170.0100561570086,1.3659355412234706e6
2242,"USA",1172.9891405926935,1.3844633239059383e6
2243,"USA",1175.962996514117,1.4031689595958318e6
2244,"USA",1178.9316007503376,1.4220531682390976e6
2245,"USA",1181.8949304238638,1.4411166617611505e6
2246,"USA",1184.8529629495565,1.460360143973122e6
2247,"USA",1187.805676033516,1.4797843104792652e6
2248,"USA",1190.7530476719623,1.4993898485855404e6
2249,"USA",1193.6950561501046,1.519177437209391e6
2250,"USA",1196.631680041001,1.539147746790726e6
2251,"USA",1199.562898204408,1.559301439204125e6
2252,"USA",1202.488689785623,1.57963916767228e6
2253,"USA",1205.409034214315,1.6001615766806842e6
2254,"USA",1208.323911203349,1.620869301893586e6
2255,"USA",1211.233300747601,1.6417629700712173e6
2256,"USA",1214.1371831227632,1.6628431989883103e6
2257,"USA",1217.0355388841415,1.6841105973539182e6
2258,"USA",1219.9283488654492,1.7055657647325436e6
2259,"USA",1222.8155941775856,1.7272092914665963e6
2260,"USA",1225.6972562074134,1.749041758600184e6
2261,"USA",1228.5733166165255,1.7710637378042515e6
2262,"USA",1231.4437573400066,1.793275791303074e6
2263,"USA",1234.3085605851838,1.815678471802119e6
2264,"USA",1237.1677088303768,1.838272322417288e6
2265,"USA",1240.0211848236363,1.8610578766055373e6
2266,"USA",1242.8689715814785,1.8840356580969032e6
2267,"USA",1245.711052387612,1.907206180827923e6
2268,"USA",1248.547410791661,1.9305699488764703e6
2269,"USA",1251.37803060788,1.954127456398015e6
2270,"USA",1254.2028959138647,1.977879187563303e6
2271,"USA",1257.0219910492572,2.001825616497479e6
2272,"USA",1259.8353006144443,2.0259672072206384e6
2273,"USA",1262.642809469254,2.050304413589844e6
2274,"USA",1265.4445027316435,2.0748376792425788e6
2275,"USA",1268.2403657763855,2.099567437541673e6
2276,"USA",1271.0303842337478,2.124494111521684e6
2277,"USA",1273.81454398817,2.1496181138367564e6
2278,"USA",1276.5928311769353,2.1749398467099457e6
2279,"USA",1279.3652321888378,2.2004597018840336e6
2280,"USA",1282.131733662847,2.22617806057381e6
2281,"USA",1284.892322486768,2.252095293419853e6
2282,"USA",1287.646985795899,2.2782117604437973e6
2283,"USA",1290.3957109716828,2.3045278110050834e6
2284,"USA",1293.1384856403592,2.331043783759215e6
2285,"USA",1295.8752976716116,2.357760006617504e6
2286,"USA",1298.6061351772096,2.384676796708315e6
2287,"USA",1301.3309865096526,2.41179446033981e6
2288,"USA",1304.0498402608075,2.439113292964196e6
2289,"USA",1306.7626852605458,2.4666335791434697e6
2290,"USA",1309.4695105753774,2.494355592516666e6
2291,"USA",1312.1703055070825,2.522279595768606e6
2292,"USA",1314.8650595913423,2.550405840600149e6
2293,"USA",1317.553762596366,2.578734567699947e6
2294,"USA",1320.2364045215193,2.6072660067176907e6
2295,"USA",1322.912975595946,2.63600037623886e6
2296,"USA",1325.5834662771954,2.664937883760976e6
2297,"USA",1328.2478672498412,2.694078725671335e6
2298,"USA",1330.9061694241043,2.7234230872262465e6
2299,"USA",1333.5583639344711,2.7529711425317563e6
2300,"USA",1336.2044421383157,2.782723054525858e6
2301,"USA",1338.844395614513,2.8126789749621865e6
2302,"USA",1341.4782161620622,2.842839044395198e6
2303,"USA",1344.1058957986993,2.8732033921668185e6
2304,"USA",1346.727426759517,2.9037721363945706e6
2305,"USA",1349.3428014955775,2.93454538396117e6
2306,"USA",1351.9520126725336,2.965523230505579e6
2307,"USA",1354.5550531692404,2.996705760415526e6
2308,"USA",1357.1519160763748,3.0280930468214755e6
2309,"USA",1359.74259469505,3.059685151592044e6
2310,"USA",1362.3270825354336,3.091482125330863e6
2311,"USA",1364.9053733153648,3.1234840073748766e6
2312,"USA",1367.4774609589715,3.1556908257940663e6
2313,"USA",1370.0433395952905,3.188102597392604e6
2314,"USA",1372.603003556883,3.220719327711419e6
2315,"USA",1375.156447378461,3.253541011032174e6
2316,"USA",1377.7036657955018,3.286567630382643e6
2317,"USA",1380.2446537428748,3.3197991575434944e6
2318,"USA",1382.7794063534625,3.3532355530564385e6
2319,"USA",1385.3079189567868,3.3868767662337804e6
2320,"USA",1387.8301870776334,3.420722735169321e6
2321,"USA",1390.346206434681,3.4547733867506385e6
2322,"USA",1392.8559729391293,3.4890286366727096e6
2323,"USA",1395.3594826933302,3.523488389452884e6
2324,"USA",1397.8567319894205,3.558152538447188e6
2325,"USA",1400.3477173079552,3.593020965867958e6
2326,"USA",1402.8324353165467,3.628093542802792e6
2327,"USA",1405.3108828685,3.6633701292348024e6
2328,"USA",1407.7830570014548,3.6988505740641705e6
2329,"USA",1410.2489549360284,3.734534715130984e6
2330,"USA",1412.7085740744608,3.7704223792393543e6
2331,"USA",1415.1619119992606,3.806513382182795e6
2332,"USA",1417.6089664718577,3.8428075287708584e6
2333,"USA",1420.0497354312529,3.87930461285702e6
2334,"USA",1422.484216992675,3.9160044173677824e6
2335,"USA",1424.9124094462377,3.952906714333018e6
2336,"USA",1427.3343112556,3.9900112649175073e6
2337,"USA",1429.74992105663,4.02731781945369e6
2338,"USA",1432.1592376560718,4.064826117475592e6
2339,"USA",1434.562260030213,4.102535887753925e6
2340,"USA",1436.9589873235605,4.1404468483323697e6
2341,"USA",1439.349418847511,4.1785587065649824e6
2342,"USA",1441.7335540790348,4.2168711591547625e6
2343,"USA",1444.1113926593553,4.255383892193333e6
2344,"USA",1446.4829343926342,4.294096581201741e6
2345,"USA",1448.848179244662,4.333008891172359e6
2346,"USA",1451.2071273415486,4.37212047661187e6
2347,"USA",1453.559778968419,4.411430981585337e6
2348,"USA",1455.9061345681157,4.450940039761321e6
2349,"USA",1458.2461947398972,4.490647274458065e6
2350,"USA",1460.5799602381487,4.530552298690695e6
2351,"USA",1462.9074319710903,4.570654715219466e6
2352,"USA",1465.2286109994932,4.610954116598996e6
2353,"USA",1467.543498535396,4.651450085228509e6
2354,"USA",1469.8520959408288,4.692142193403055e6
2355,"USA",1472.1544047265386,4.733030003365701e6
2356,"USA",1474.4504265507192,4.774113067360672e6
2357,"USA",1476.7401632177466,4.81539092768744e6
2358,"USA",1479.0236166769166,4.856863116755734e6
2359,"USA",1481.3007890211882,4.898529157141464e6
2360,"USA",1483.5716824859303,4.940388561643548e6
2361,"USA",1485.836299447673,4.982440833341619e6
2362,"USA",1488.0946424228623,5.024685465654603e6
2363,"USA",1490.3467140666228,5.067121942400158e6
2364,"USA",1492.592517171519,5.109749737854951e6
2365,"USA",1494.8320546663258,5.152568316815764e6
2366,"USA",1497.065329614802,5.195577134661415e6
2367,"USA",1499.2923452144678,5.238775637415474e6
2368,"USA",1501.513104795387,5.282163261809773e6
2369,"USA",1503.7276118189557,5.325739435348679e6
2370,"USA",1505.9358698766916,5.369503576374118e6
2371,"USA",1508.1378826890332,5.413455094131355e6
2372,"USA",1510.3336541041397,5.457593388835493e6
2373,"USA",1512.5231880966971,5.501917851738681e6
2374,"USA",1514.7064887667295,5.546427865198028e6
2375,"USA",1516.883560338414,5.591122802744191e6
2376,"USA",1519.0544071589031,5.636002029150648e6
2377,"USA",1521.2190336971476,5.681064900503607e6
2378,"USA",1523.377444542729,5.726310764272564e6
2379,"USA",1525.5296444046946,5.771738959381493e6
2380,"USA",1527.6756381103971,5.817348816280632e6
2381,"USA",1529.8154306043407,5.863139657018882e6
2382,"USA",1531.9490269470311,5.909110795316768e6
2383,"USA",1534.0764323138314,5.955261536639993e6
2384,"USA",1536.1976519938223,6.001591178273526e6
2385,"USA",1538.312691388669,6.048099009396234e6
2386,"USA",1540.42155601149,6.09478431115604e6
2387,"USA",1542.5242514857346,6.141646356745593e6
2388,"USA",1544.620783544064,6.188684411478426e6
2389,"USA",1546.7111580272372,6.235897732865609e6
2390,"USA",1548.795380883004,6.283285570692854e6
2391,"USA",1550.8734581649996,6.330847167098085e6
2392,"USA",1552.9453960316494,6.378581756649439e6
2393,"USA",1555.0112007450743,6.426488566423703e6
2394,"USA",1557.0708786700052,6.474566816085145e6
2395,"USA",1559.1244362726993,6.522815717964759e6
2396,"USA",1561.171880119866,6.571234477139884e6
2397,"USA",1563.213216877593,6.619822291514189e6
2398,"USA",1565.248453310281,6.668578351898022e6
2399,"USA",1567.2775962795863,6.717501842089105e6
2400,"USA",1569.3006527433615,6.766591938953528e6
2401,"USA",1571.3176297546077,6.8158478125071e6
2402,"USA",1573.3285344604308,6.86526862599696e6
2403,"USA",1575.3333741010017,6.914853535983508e6
2404,"USA",1577.3321560085228,6.964601692422589e6
2405,"USA",1579.324887606202,7.014512238747948e6
2406,"USA",1581.3115764072263,7.064584311953916e6
2407,"USA",1583.2922300137493,7.114817042678362e6
2408,"USA",1585.266856115876,7.16520955528583e6
2409,"USA",1587.2354624906593,7.215760967950912e6
2410,"USA",1589.1980570010974,7.266470392741799e6
2411,"USA",1591.1546475951395,7.317336935704014e6
2412,"USA",1593.105242304698,7.368359696944336e6
2413,"USA",1595.0498492446598,7.419537770714848e6
2414,"USA",1596.9884766119126,7.470870245497157e6
2415,"USA",1598.9211326843697,7.522356204086738e6
2416,"USA",1600.847825820001,7.573994723677376e6
2417,"USA",1602.768564455874,7.625784875945757e6
2418,"USA",1604.683357107195,7.677725727136117e6
2419,"USA",1606.5922123663588,7.729816338144992e6
2420,"USA",1608.4951389020027,7.782055764606032e6
2421,"USA",1610.3921454580675,7.834443056974874e6
2422,"USA",1612.2832408528625,7.886977260614075e6
2423,"USA",1614.168433978136,7.939657415878061e6
2424,"USA",1616.0477337981529,7.992482558198114e6
2425,"USA",1617.9211493487762,8.04545171816736e6
2426,"USA",1619.7886897365547,8.098563921625773e6
2427,"USA",1621.6503641378165,8.151818189745162e6
2428,"USA",1623.506181797766,8.205213539114125e6
2429,"USA",1625.356152029591,8.258748981822992e6
2430,"USA",1627.2002842135698,8.312423525548718e6
2431,"USA",1629.038587796188,8.366236173639707e6
2432,"USA",1630.8710722892577,8.420185925200585e6
2433,"USA",1632.6977472690444,8.47427177517691e6
2434,"USA",1634.518622375399,8.528492714439768e6
2435,"USA",1636.3337073108942,8.582847729870295e6
2436,"USA",1638.1430118399678,8.637335804444082e6
2437,"USA",1639.94654578807,8.691955917315478e6
2438,"USA",1641.7443190408185,8.746707043901736e6
2439,"USA",1643.5363415431536,8.80158815596707e6
2440,"USA",1645.3226232985085,8.856598221706515e6
2441,"USA",1647.103174367974,8.911736205829682e6
2442,"USA",1648.8780048694766,8.967001069644298e6
2443,"USA",1650.647124976958,9.022391771139614e6
2444,"USA",1652.4105449195622,9.077907265069602e6
2445,"USA",1654.1682749808256,9.13354650303598e6
2446,"USA",1655.9203254978754,9.189308433571018e6
2447,"USA",1657.6667068606312,9.245192002220135e6
2448,"USA",1659.4074295110129,9.301196151624303e6
2449,"USA",1661.142503942153,9.357319821602186e6
2450,"USA",1662.8719406976168,9.413561949232057e6
2451,"USA",1664.595750370624,9.469921468933482e6
2452,"USA",1666.3139436032795,9.526397312548747e6
2453,"USA",1668.0265310858065,9.582988409424003e6
2454,"USA",1669.7335235557866,9.639693686490174e6
2455,"USA",1671.434931797406,9.696512068343556e6
2456,"USA",1673.1307666407035,9.753442477326157e6
2457,"USA",1674.8210389608275,9.810483833605727e6
2458,"USA",1676.505759677297,9.867635055255512e6
2459,"USA",1678.1849397532665,9.924895058333663e6
2460,"USA",1679.8585901947984,9.982262756962366e6
2461,"USA",1681.5267220501387,1.003973706340663e7
2462,"USA",1683.1893464089992,1.0097316888152754e7
2463,"USA",1684.8464744018434,1.0155001139986454e7
2464,"USA",1686.4981171991794,1.0212788726070652e7
2465,"USA",1688.1442860108575,1.0270678552022928e7
2466,"USA",1689.7849920853707,1.032866952199256e7
2467,"USA",1691.420246709164,1.03867605387373e7
2468,"USA",1693.0500612059466,1.0444950503699685e7
2469,"USA",1694.6744469360078,1.0503238317083037e7
2470,"USA",1696.2934152955418,1.0561622877927044e7
2471,"USA",1697.9069777159748,1.0620103084182983e7
2472,"USA",1699.5151456632973,1.0678677832788544e7
2473,"USA",1701.1179306374029,1.073734601974223e7
2474,"USA",1702.7153441714293,1.079610654017739e7
2475,"USA",1704.3073978311088,1.0854958288435822e7
2476,"USA",1705.894103214119,1.091390015814098e7
2477,"USA",1707.4754719494413,1.0972931042270724e7
2478,"USA",1709.051515696723,1.1032049833229693e7
2479,"USA",1710.6222461456468,1.1091255422921222e7
2480,"USA",1712.1876750153006,1.1150546702818818e7
2481,"USA",1713.747814053557,1.1209922564037226e7
2482,"USA",1715.3026750364547,1.1269381897403011e7
2483,"USA",1716.852269767586,1.1328923593524745e7
2484,"USA",1718.396610077488,1.138854654286267e7
2485,"USA",1719.935707823041,1.1448249635797994e7
2486,"USA",1721.4695748868678,1.1508031762701636e7
2487,"USA",1722.9982231767424,1.156789181400257e7
2488,"USA",1724.5216646249994,1.1627828680255676e7
2489,"USA",1726.0399111879506,1.1687841252209114e7
2490,"USA",1727.5529748453052,1.1747928420871226e7
2491,"USA",1729.0608675995957,1.1808089077576978e7
2492,"USA",1730.563601475607,1.1868322114053871e7
2493,"USA",1732.061188519811,1.192862642248743e7
2494,"USA",1733.553640799807,1.198900089558614e7
2495,"USA",1735.0409704037647,1.2049444426645922e7
2496,"USA",1736.5231894398723,1.210995590961413e7
2497,"USA",1738.0003100357903,1.2170534239152996e7
2498,"USA",1739.472344338109,1.223117831070262e7
2499,"USA",1740.9393045118095,1.2291887020543432e7
2500,"USA",1742.401202739733,1.2352659265858166e7
2501,"USA",1743.8580512220483,1.2413493944793291e7
2502,"USA",1745.309862175731,1.2474389956519974e7
2503,"USA",1746.7566478340405,1.2535346201294474e7
2504,"USA",1748.1984204460073,1.2596361580518084e7
2505,"USA",1749.6351922759202,1.2657434996796496e7
2506,"USA",1751.0669756028203,1.271856535399867e7
2507,"USA",1752.4937827199983,1.277975155731519e7
2508,"USA",1753.915625934497,1.2840992513316069e7
2509,"USA",1755.3325175666175,1.2902287130008057e7
2510,"USA",1756.7444699494306,1.2963634316891396e7
2511,"USA",1758.1514954282902,1.3025032985016046e7
2512,"USA",1759.5536063603545,1.3086482047037415e7
2513,"USA",1760.9508151141083,1.3147980417271512e7
2514,"USA",1762.3431340688912,1.3209527011749577e7
2515,"USA",1763.73057561443,1.327112074827219e7
2516,"USA",1765.1131521503733,1.333276054646285e7
2517,"USA",1766.4908760858343,1.3394445327820985e7
2518,"USA",1767.8637598389337,1.345617401577445e7
2519,"USA",1769.2318158363478,1.3517945535731476e7
2520,"USA",1770.5950565128626,1.3579758815132083e7
2521,"USA",1771.95349431093,1.3641612783498952e7
2522,"USA",1773.3071416802284,1.370350637248775e7
2523,"USA",1774.6560110772275,1.3765438515936917e7
2524,"USA",1776.000114964759,1.3827408149916925e7
2525,"USA",1777.339465811586,1.3889414212778969e7
2526,"USA",1778.6740760919836,1.3951455645203132e7
2527,"USA",1780.003958285317,1.401353139024601e7
2528,"USA",1781.3291248756277,1.4075640393387774e7
2529,"USA",1782.649588351222,1.4137781602578716e7
2530,"USA",1783.965361204263,1.4199953968285227e7
2531,"USA",1785.2764559303675,1.4262156443535255e7
2532,"USA",1786.5828850282064,1.432438798396321e7
2533,"USA",1787.884660999108,1.4386647547854304e7
2534,"USA",1789.181796346667,1.4448934096188396e7
2535,"USA",1790.474303576355,1.451124659268326e7
2536,"USA",1791.7621951951369,1.457358400383733e7
2537,"USA",1793.04548371109,1.4635945298971877e7
2538,"USA",1794.3241816330262,1.4698329450272674e7
2539,"USA",1795.5983014701192,1.4760735432831137e7
2540,"USA",1796.867855731534,1.4823162224684848e7
2541,"USA",1798.1328569260627,1.4885608806857664e7
2542,"USA",1799.3933175617594,1.494807416339917e7
2543,"USA",1800.6492501455834,1.5010557281423658e7
2544,"USA",1801.900667183043,1.5073057151148563e7
2545,"USA",1803.147581177844,1.5135572765932368e7
2546,"USA",1804.3900046315416,1.519810312231195e7
2547,"USA",1805.6279500431951,1.526064722003943e7
2548,"USA",1806.8614299090295,1.5323204062118469e7
2549,"USA",1808.0904567220937,1.5385772654840045e7
2550,"USA",1809.3150429719285,1.544835200781768e7
2551,"USA",1810.535201144237,1.551094113402219e7
2552,"USA",1811.750943720555,1.5573539049815856e7
2553,"USA",1812.9622831779288,1.5636144774986103e7
2554,"USA",1814.169231988594,1.5698757332778636e7
2555,"USA",1815.3718026196575,1.5761375749930076e7
2556,"USA",1816.5700075327857,1.5823999056700071e7
2557,"USA",1817.7638591838909,1.5886626286902884e7
2558,"USA",1818.9533700228276,1.594925647793846e7
2559,"USA",1820.1385524930856,1.6011888670822997e7
2560,"USA",1821.319419031491,1.6074521910219e7
2561,"USA",1822.4959820679076,1.61371552444648e7
2562,"USA",1823.6682540249435,1.619978772560363e7
2563,"USA",1824.8362473176603,1.626241840941209e7
2564,"USA",1825.9999743532824,1.632504635542821e7
2565,"USA",1827.1594475309164,1.638767062697896e7
2566,"USA",1828.3146792412656,1.6450290291207263e7
2567,"USA",1829.4656818663552,1.6512904419098549e7
2568,"USA",1830.6124677792525,1.657551208550671e7
2569,"USA",1831.7550493437975,1.663811236917971e7
2570,"USA",1832.893438914334,1.6700704352784593e7
2571,"USA",1834.0276488354405,1.676328712293202e7
2572,"USA",1835.1576914416687,1.6825859770200357e7
2573,"USA",1836.2835790572835,1.688842138915926e7
2574,"USA",1837.4053239960049,1.6950971078392755e7
2575,"USA",1838.522938560752,1.701350794052189e7
2576,"USA",1839.6364350433955,1.707603108222683e7
2577,"USA",1840.7458257245053,1.713853961426858e7
2578,"USA",1841.851122873106,1.7201032651510134e7
2579,"USA",1842.9523387464344,1.726350931293724e7
2580,"USA",1844.0494855896989,1.732596872167864e7
2581,"USA",1845.142575635844,1.738841000502588e7
2582,"USA",1846.2316211053128,1.745083229445262e7
2583,"USA",1847.3166342058173,1.7513234725633536e7
2584,"USA",1848.3976271321108,1.7575616438462734e7
2585,"USA",1849.4746120657587,1.763797657707171e7
2586,"USA",1850.5476011749176,1.7700314289846864e7
2587,"USA",1851.6166066141136,1.7762628729446564e7
2588,"USA",1852.6816405240247,1.7824919052817784e7
2589,"USA",1853.7427150312649,1.7887184421212263e7
2590,"USA",1854.799842248172,1.7949424000202257e7
2591,"USA",1855.8530342725976,1.8011636959695846e7
2592,"USA",1856.9023031877005,1.807382247395178e7
2593,"USA",1857.9476610617392,1.8135979721593935e7
2594,"USA",1858.989119947873,1.819810788562532e7
2595,"USA",1860.02669188396,1.8260206153441653e7
2596,"USA",1861.06038889236,1.8322273716844536e7
2597,"USA",1862.0902229797423,1.8384309772054173e7
2598,"USA",1863.1162061368907,1.844631351972172e7
2599,"USA",1864.1383503385143,1.850828416494119e7
2600,"USA",1865.156667543062,1.857022091726095e7
2601,"USA",1866.171169692536,1.8632122990694795e7
2602,"USA",1867.1818687123111,1.8693989603732698e7
2603,"USA",1868.1887765109536,1.8755819979351033e7
2604,"USA",1869.1919049800424,1.881761334502248e7
2605,"USA",1870.1912659939976,1.887936893272556e7
2606,"USA",1871.186871409904,1.894108597895368e7
2607,"USA",1872.178733067344,1.900276372472389e7
2608,"USA",1873.1668627882257,1.9064401415585183e7
2609,"USA",1874.15127237662,1.9125998301626462e7
2610,"USA",1875.1319736185965,1.918755363748408e7
2611,"USA",1876.1089782820604,1.9249066682349015e7
2612,"USA",1877.082298116596,1.931053669997376e7
2613,"USA",1878.051944853309,1.9371962958678667e7
2614,"USA",1879.01793020467,1.9433344731358092e7
2615,"USA",1879.980265864365,1.949468129548608e7
2616,"USA",1880.9389635071436,1.9555971933121707e7
2617,"USA",1881.8940347886712,1.9617215930914108e7
2618,"USA",1882.8454913453832,1.967841258010707e7
2619,"USA",1883.7933447943408,1.973956117654336e7
2620,"USA",1884.7376067330897,1.980066102066863e7
2621,"USA",1885.678288739521,1.9861711417535037e7
2622,"USA",1886.615402371732,1.992271167680447e7
2623,"USA",1887.5489591678931,1.998366111275148e7
2624,"USA",1888.4789706461129,2.004455904426584e7
2625,"USA",1889.405448304307,2.0105404794854816e7
2626,"USA",1890.328403620068,2.0166197692645036e7
2627,"USA",1891.24784805054,2.0226937070384137e7
2628,"USA",1892.1637930322927,2.028762226544196e7
2629,"USA",1893.076249981196,2.0348252619811583e7
2630,"USA",1893.9852302923,2.0408827480109856e7
2631,"USA",1894.8907453397171,2.046934619757779e7
2632,"USA",1895.7928064765008,2.05298081280805e7
2633,"USA",1896.6914250345328,2.0590212632106967e7
2634,"USA",1897.5866123244084,2.065055907476939e7
2635,"USA",1898.4783796353236,2.0710846825802263e7
2636,"USA",1899.3667382349663,2.0771075259561233e7
2637,"USA",1900.2516993694085,2.083124375502153e7
2638,"USA",1901.1332742629968,2.0891351695776228e7
2639,"USA",1902.0114741182515,2.0951398470034126e7
2640,"USA",1902.886310115761,2.1011383470617417e7
2641,"USA",1903.7577934140825,2.107130609495902e7
2642,"USA",1904.625935149641,2.1131165745099664e7
2643,"USA",1905.4907464366345,2.119096182768469e7
2644,"USA",1906.3522383669335,2.1250693753960535e7
2645,"USA",1907.2104220099932,2.1310360939771075e7
2646,"USA",1908.065308412755,2.1369962805553537e7
2647,"USA",1908.9169085995595,2.1429498776334256e7
2648,"USA",1909.7652335720568,2.1488968281724136e7
2649,"USA",1910.6102943091175,2.154837075591386e7
2650,"USA",1911.452101766749,2.1607705637668844e7
2651,"USA",1912.2906668780104,2.166697237032396e7
2652,"USA",1913.1260005529296,2.1726170401777945e7
2653,"USA",1913.958113678424,2.178529918448765e7
2654,"USA",1914.7870171182192,2.1844358175462004e7
2655,"USA",1915.612721712772,2.190334683625574e7
2656,"USA",1916.435238279196,2.1962264632962868e7
2657,"USA",1917.2545776111829,2.2021111036209967e7
2658,"USA",1918.070750478934,2.2079885521149196e7
2659,"USA",1918.8837676290864,2.2138587567451097e7
2660,"USA",1919.693639784641,2.2197216659297187e7
2661,"USA",1920.500377644899,2.2255772285372294e7
2662,"USA",1921.3039918853892,2.2314253938856736e7
2663,"USA",1922.1044931578065,2.237266111741818e7
2664,"USA",1922.9018920899457,2.2430993323203426e7
2665,"USA",1923.696199285639,2.2489250062829852e7
2666,"USA",1924.487425324696,2.254743084737675e7
2667,"USA",1925.2755807628416,2.260553519237638e7
2668,"USA",1926.0606761316585,2.26635626178049e7
2669,"USA",1926.842721938531,2.272151264807303e7
2670,"USA",1927.6217286665888,2.277938481201656e7
2671,"USA",1928.3977067746512,2.283717864288664e7
2672,"USA",1929.170666697176,2.289489367833995e7
2673,"USA",1929.940618844207,2.2952529460428543e7
2674,"USA",1930.7075736013232,2.3010085535589647e7
2675,"USA",1931.4715413295903,2.306756145463522e7
2676,"USA",1932.2325323655136,2.312495677274133e7
2677,"USA",1932.9905570209896,2.318227104943736e7
2678,"USA",1933.7456255832633,2.3239503848595053e7
2679,"USA",1934.497748314882,2.329665473841736e7
2680,"USA",1935.2469354536536,2.335372329142714e7
2681,"USA",1935.9931972126064,2.341070908445574e7
2682,"USA",1936.7365437799467,2.3467611698631287e7
2683,"USA",1937.4769853190203,2.3524430719366945e7
2684,"USA",1938.2145319682768,2.358116573634897e7
2685,"USA",1938.9491938412295,2.3637816343524605e7
2686,"USA",1939.680981026424,2.3694382139089793e7
2687,"USA",1940.4099035873996,2.375086272547682e7
2688,"USA",1941.135971562661,2.380725770934176e7
2689,"USA",1941.8591949656425,2.3863566701551743e7
2690,"USA",1942.5795837846777,2.391978931717216e7
2691,"USA",1943.297147982973,2.397592517545368e7
2692,"USA",1944.0118974985744,2.40319738998191e7
2693,"USA",1944.7238422443447,2.4087935117850173e7
2694,"USA",1945.4329921079336,2.414380846127417e7
2695,"USA",1946.139356951753,2.4199593565950383e7
2696,"USA",1946.8429466129544,2.425529007185652e7
2697,"USA",1947.543770903405,2.4310897623074923e7
2698,"USA",1948.2418396096652,2.4366415867778685e7
2699,"USA",1948.937162492968,2.4421844458217673e7
2700,"USA",1949.6297492891977,2.447718305070437e7
2701,"USA",1950.3196097088728,2.45324313055997e7
2702,"USA",1951.006753437128,2.4587588887298636e7
2703,"USA",1951.691190133694,2.464265546421575e7
2704,"USA",1952.3729294328864,2.4697630708770677e7
2705,"USA",1953.0519809435857,2.4752514297373433e7
2706,"USA",1953.728354249227,2.480730591040961e7
2707,"USA",1954.4020589077852,2.4862005232225563e7
2708,"USA",1955.073104451763,2.4916611951113388e7
2709,"USA",1955.7415003881797,2.4971125759295873e7
2710,"USA",1956.407256198561,2.502554635291131e7
2711,"USA",1957.07038133893,2.5079873431998286e7
2712,"USA",1957.730885239797,2.5134106700480293e7
2713,"USA",1958.3887773061551,2.5188245866150293e7
2714,"USA",1959.0440669174695,2.5242290640655223e7
2715,"USA",1959.696763427676,2.5296240739480373e7
2716,"USA",1960.3468761651725,2.5350095881933697e7
2717,"USA",1960.994414432816,2.5403855791130036e7
2718,"USA",1961.63938750792,2.5457520193975296e7
2719,"USA",1962.281804642253,2.551108882115051e7
2720,"USA",1962.9216750620335,2.556456140709585e7
2721,"USA",1963.5590079679332,2.561793768999454e7
2722,"USA",1964.1938125350748,2.5671217411756765e7
2723,"USA",1964.826097913034,2.5724400318003427e7
2724,"USA",1965.4558732258397,2.5777486158049863e7
2725,"USA",1966.0831475719776,2.583047468488956e7
2726,"USA",1966.7079300243945,2.5883365655177716e7
2727,"USA",1967.3302296304996,2.5936158829214796e7
2728,"USA",1967.950055412172,2.5988853970930032e7
2729,"USA",1968.5674163657643,2.604145084786482e7
2730,"USA",1969.1823214621108,2.609394923115613e7
2731,"USA",1969.7947796465328,2.6146348895519793e7
2732,"USA",1970.404799838846,2.6198649619233787e7
2733,"USA",1971.012390933372,2.6250851184121467e7
2734,"USA",1971.6175617989445,2.6302953375534724e7
2735,"USA",1972.22032127892,2.6354955982337102e7
2736,"USA",1972.8206781911904,2.6406858796886932e7
2737,"USA",1973.4186413281896,2.64586616150203e7
2738,"USA",1974.014219456911,2.65103642360341e7
2739,"USA",1974.6074213189163,2.6561966462668985e7
2740,"USA",1975.1982556303512,2.6613468101092275e7
2741,"USA",1975.786731081957,2.6664868960880864e7
2742,"USA",1976.372856339087,2.671616885500408e7
2743,"USA",1976.9566400417225,2.676736759980648e7
2744,"USA",1977.5380908044856,2.681846501499067e7
2745,"USA",1978.1172172166584,2.686946092360005e7
2746,"USA",1978.6940278422005,2.6920355152001563e7
2747,"USA",1979.268531219764,2.697114752986839e7
2748,"USA",1979.840735862715,2.702183789016266e7
2749,"USA",1980.41065025915,2.7072426069118064e7
2750,"USA",1980.9782828719176,2.712291190622255e7
2751,"USA",1981.5436421386369,2.7173295244200904e7
2752,"USA",1982.106736471719,2.722357592899738e7
2753,"USA",1982.6675742583889,2.7273753809758253e7
2754,"USA",1983.2261638607056,2.732382873881441e7
2755,"USA",1983.7825136155873,2.7373800571663912e7
2756,"USA",1984.3366318348317,2.7423669166954514e7
2757,"USA",1984.8885268051404,2.74734343864662e7
2758,"USA",1985.4382067881436,2.752309609509372e7
2759,"USA",1985.985680020424,2.757265416082908e7
2760,"USA",1986.5309547135416,2.7622108454744052e7
2761,"USA",1987.0740390540595,2.7671458850972675e7
2762,"USA",1987.614941203572,2.7720705226693757e7
2763,"USA",1988.153669298727,2.776984746211335e7
2764,"USA",1988.690231451258,2.7818885440447252e7
2765,"USA",1989.2246357480071,2.7867819047903456e7
2766,"USA",1989.7568902509577,2.7916648173664685e7
2767,"USA",1990.2870029972585,2.7965372709870853e7
2768,"USA",1990.814981999255,2.8013992551601555e7
2769,"USA",1991.3408352445203,2.8062507596858583e7
2770,"USA",1991.8645706958816,2.8110917746548392e7
2771,"USA",1992.386196291454,2.8159222904464632e7
2772,"USA",1992.905719944668,2.820742297727065e7
2773,"USA",1993.423149544305,2.825551787448203e7
2774,"USA",1993.9384929545247,2.8303507508449063e7
2775,"USA",1994.4517580148995,2.8351391794339385e7
2776,"USA",1994.962952540448,2.839917065012045e7
2777,"USA",1995.4720843216653,2.8446843996542133e7
2778,"USA",1995.979161124559,2.8494411757119305e7
2779,"USA",1996.4841906906815,2.8541873858114425e7
2780,"USA",1996.9871807371649,2.858923022852015e7
2781,"USA",1997.4881389567547,2.8636480800041977e7
2782,"USA",1997.9870730178463,2.8683625507080853e7
2783,"USA",1998.4839905645192,2.873066428671591e7
2784,"USA",1998.9788992165736,2.8777597078687076e7
2785,"USA",1999.471806569565,2.8824423825377814e7
2786,"USA",1999.9627201948424,2.887114447179787e7
2787,"USA",2000.451647639585,2.891775896556599e7
2788,"USA",2000.938596426838,2.896426725689271e7
2789,"USA",2001.423574055552,2.9010669298563164e7
2790,"USA",2001.9065880006192,2.9056965045919888e7
2791,"USA",2002.3876457129136,2.9103154456845693e7
2792,"USA",2002.866754619327,2.9149237491746545e7
2793,"USA",2003.34392212281,2.919521411353445e7
2794,"USA",2003.8191556024117,2.924108428761042e7
2795,"USA",2004.2924624133177,2.928684798184741e7
2796,"USA",2004.7638498868887,2.933250516657334e7
2797,"USA",2005.2333253307056,2.9378055814554103e7
2798,"USA",2005.700896028605,2.9423499900976654e7
2799,"USA",2006.166569240722,2.9468837403432075e7
2800,"USA",2006.6303522035316,2.9514068301898703e7
2801,"USA",2007.09225212989,2.9559192578725327e7
2802,"USA",2007.5522762090757,2.9604210218614355e7
2803,"USA",2008.010431606832,2.9649121208605055e7
2804,"USA",2008.4667254654091,2.9693925538056828e7
2805,"USA",2008.9211649036056,2.973862319863251e7
2806,"USA",2009.3737570168137,2.978321418428171e7
2807,"USA",2009.82450887706,2.9827698491224248e7
2808,"USA",2010.2734275330497,2.9872076117933508e7
2809,"USA",2010.7205200102096,2.9916347065119937e7
2810,"USA",2011.1657933107335,2.9960511335714556e7
2811,"USA",2011.6092544136245,3.0004568934852503e7
2812,"USA",2012.0509102747403,3.004851986985662e7
2813,"USA",2012.490767826837,3.009236415022108e7
2814,"USA",2012.9288339796149,3.0136101787595063e7
2815,"USA",2013.365115619762,3.0179732795766473e7
2816,"USA",2013.7996196110012,3.0223257190645725e7
2817,"USA",2014.2323527941344,3.026667499024953e7
2818,"USA",2014.663321987088,3.0309986214684743e7
2819,"USA",2015.09253398496,3.0353190886132307e7
2820,"USA",2015.519995560066,3.039628902883114e7
2821,"USA",2015.9457134619836,3.0439280669062175e7
2822,"USA",2016.369694417601,3.0482165835132387e7
2823,"USA",2016.7919451311632,3.0524944557358872e7
2824,"USA",2017.212472284319,3.056761686805301e7
2825,"USA",2017.631282536166,3.0610182801504627e7
2826,"USA",2018.048382523302,3.0652642393966272e7
2827,"USA",2018.4637788598689,3.069499568363745e7
2828,"USA",2018.877478137602,3.0737242710649017e7
2829,"USA",2019.2894869258776,3.0779383517047517e7
2830,"USA",2019.6998117717603,3.0821418146779675e7
2831,"USA",2020.1084592000532,3.086334664567688e7
2832,"USA",2020.5154357133429,3.0905169061439667e7
2833,"USA",2020.920747792051,3.094688544362242e7
2834,"USA",2021.324401894483,3.0988495843617935e7
2835,"USA",2021.7264044568728,3.103000031464218e7
2836,"USA",2022.1267618934369,3.107139891171902e7
2837,"USA",2022.5254805964205,3.1112691691665057e7
2838,"USA",2022.922566936148,3.1153878713074483e7
2839,"USA",2023.3180272610716,3.119496003630401e7
2840,"USA",2023.711867897822,3.1235935723457836e7
2841,"USA",2024.1040951512568,3.1276805838372715e7
2842,"USA",2024.4947153045096,3.1317570446602993e7
2843,"USA",2024.883734619044,3.1358229615405783e7
2844,"USA",2025.2711593346987,3.13987834137262e7
2845,"USA",2025.65699566974,3.143923191218255e7
2846,"USA",2026.041249820913,3.1479575183051724e7
2847,"USA",2026.4239279634908,3.1519813300254516e7
2848,"USA",2026.8050362513245,3.155994633934109e7
2849,"USA",2027.1845808168953,3.1599974377476443e7
2850,"USA",2027.562567771364,3.1639897493425995e7
2851,"USA",2027.939003204624,3.1679715767541144e7
2852,"USA",2028.3138931853491,3.1719429281744987e7
2853,"USA",2028.6872437610468,3.1759038119517993e7
2854,"USA",2029.059060958109,3.179854236588384e7
2855,"USA",2029.4293507818636,3.183794210739523e7
2856,"USA",2029.7981192166244,3.18772374321198e7
2857,"USA",2030.1653722257447,3.1916428429626077e7
2858,"USA",2030.5311157516671,3.195551519096952e7
2859,"USA",2030.8953557159768,3.1994497808678605e7
2860,"USA",2031.2580980194496,3.203337637674095e7
2861,"USA",2031.6193485421104,3.2072150990589555e7
2862,"USA",2031.979113143277,3.2110821747089032e7
2863,"USA",2032.3373976616183,3.2149388744521957e7
2864,"USA",2032.6942079152036,3.218785208257526e7
2865,"USA",2033.0495497015552,3.2226211862326667e7
2866,"USA",2033.4034287976997,3.226446818623122e7
2867,"USA",2033.755850960221,3.2302621158107843e7
2868,"USA",2034.106821925314,3.234067088312601e7
2869,"USA",2034.4563474088327,3.237861746779237e7
2870,"USA",2034.8044331063477,3.2416461019937593e7
2871,"USA",2035.1510846931944,3.245420164870315e7
2872,"USA",2035.496307824528,3.2491839464528207e7
2873,"USA",2035.8401081353752,3.2529374579136547e7
2874,"USA",2036.1824912406869,3.2566807105523624e7
2875,"USA",2036.5234627353896,3.2604137157943618e7
2876,"USA",2036.8630281944413,3.264136485189653e7
2877,"USA",2037.20119317288,3.2678490304115452e7
2878,"USA",2037.5379632058791,3.2715513632553782e7
2879,"USA",2037.8733438087995,3.275243495637256e7
2880,"USA",2038.2073404772425,3.278925439592783e7
2881,"USA",2038.5399586871024,3.282597207275814e7
2882,"USA",2038.8712038946196,3.2862588109572023e7
2883,"USA",2039.201081536433,3.2899102630235553e7
2884,"USA",2039.529597029634,3.2935515759760045e7
2885,"USA",2039.856755771818,3.297182762428969e7
2886,"USA",2040.182563141138,3.3008038351089373e7
2887,"USA",2040.507024496358,3.3044148068532467e7
2888,"USA",2040.8301451769055,3.308015690608874e7
2889,"USA",2041.1519305029244,3.3116064994312327e7
2890,"USA",2041.472385775328,3.3151872464829706e7
2891,"USA",2041.791516275852,3.3187579450327817e7
2892,"USA",2042.1093272671085,3.322318608454218e7
2893,"USA",2042.4258239926376,3.3258692502245165e7
2894,"USA",2042.7410116769615,3.3294098839234173e7
2895,"USA",2043.0548955256368,3.3329405232320037e7
2896,"USA",2043.3674807253085,3.3364611819315404e7
2897,"USA",2043.6787724437609,3.3399718739023183e7
2898,"USA",2043.9887758299735,3.343472613122509e7
2899,"USA",2044.2974960141732,3.3469634136670236e7
2900,"USA",2044.6049381078851,3.350444289706375e7
2901,"USA",2044.911107203988,3.3539152555055536e7
2902,"USA",2045.2160083767671,3.357376325422901e7
2903,"USA",2045.5196466819664,3.3608275139089964e7
2904,"USA",2045.8220271568407,3.364268835505551e7
2905,"USA",2046.123154820212,3.3677003048442945e7
2906,"USA",2046.4230346725185,3.371121936645888e7
2907,"USA",2046.7216716958692,3.374533745718826e7
2908,"USA",2047.019070854098,3.3779357469583586e7
2909,"USA",2047.315237092814,3.381327955345408e7
2910,"USA",2047.6101753394576,3.384710385945498e7
2911,"USA",2047.9038905033503,3.3880830539076924e7
2912,"USA",2048.19638747575,3.391445974463528e7
2913,"USA",2048.4876711299007,3.394799162925968e7
2914,"USA",2048.77774632109,3.398142634688352e7
2915,"USA",2049.066617886697,3.401476405223355e7
2916,"USA",2049.354290646248,3.4048004900819555e7
2917,"USA",2049.640769401469,3.408114904892405e7
2918,"USA",2049.9260589363357,3.4114196653592065e7
2919,"USA",2050.2101640171304,3.414714787262097e7
2920,"USA",2050.4930893924907,3.41800028645504e7
2921,"USA",2050.774839793465,3.421276178865224e7
2922,"USA",2051.055419933563,3.424542480492059e7
2923,"USA",2051.3348345088084,3.4277992074061885e7
2924,"USA",2051.613088197793,3.4310463757485054e7
2925,"USA",2051.8901856617267,3.434284001729173e7
2926,"USA",2052.166131544492,3.4375121016266495e7
2927,"USA",2052.4409304726955,3.440730691786722e7
2928,"USA",2052.7145870557183,3.443939788621546e7
2929,"USA",2052.9871058857725,3.447139408608695e7
2930,"USA",2053.2584915379484,3.450329568290202e7
2931,"USA",2053.52874857027,3.453510284271628e7
2932,"USA",2053.797881523748,3.4566815732211165e7
2933,"USA",2054.065894922426,3.459843451868468e7
2934,"USA",2054.332793273439,3.462995937004214e7
2935,"USA",2054.5985810670627,3.466139045478698e7
2936,"USA",2054.863262776764,3.469272794201165e7
2937,"USA",2055.1268428592543,3.472397200138849e7
2938,"USA",2055.3893257545424,3.4755122803160794e7
2939,"USA",2055.650715885983,3.478618051813384e7
2940,"USA",2055.9110176603317,3.4817145317665964e7
2941,"USA",2056.170235467794,3.484801737365978e7
2942,"USA",2056.4283736820776,3.4878796858553365e7
2943,"USA",2056.685436660445,3.4909483945311576e7
2944,"USA",2056.9414287437626,3.494007880741739e7
2945,"USA",2057.196354256555,3.497058161886332e7
2946,"USA",2057.4502175070525,3.500099255414282e7
2947,"USA",2057.703022787245,3.503131178824186e7
2948,"USA",2057.9547743729336,3.5061539496630505e7
2949,"USA",2058.205476523779,3.509167585525453e7
2950,"USA",2058.455133483354,3.512172104052709e7
2951,"USA",2058.7037494791953,3.5151675229320526e7
2952,"USA",2058.9513287228524,3.518153859895813e7
2953,"USA",2059.19787540994,3.5211311327206016e7
2954,"USA",2059.443393720187,3.5240993592265025e7
2955,"USA",2059.687887817489,3.527058557276275e7
2956,"USA",2059.931361849957,3.5300087447745524e7
2957,"USA",2060.1738199499696,3.532949939667053e7
2958,"USA",2060.4152662342226,3.535882159939793e7
2959,"USA",2060.655704803779,3.538805423618307e7
2960,"USA",2060.8951397441188,3.541719748766875e7
2961,"USA",2061.133575125191,3.544625153487755e7
2962,"USA",2061.3710150014617,3.547521655920411e7
2963,"USA",2061.6074634119655,3.550409274240766e7
2964,"USA",2061.8429243803544,3.553288026660444e7
2965,"USA",2062.0774019149485,3.556157931426023e7
2966,"USA",2062.3109000087848,3.559019006818298e7
2967,"USA",2062.5434226396674,3.561871271151537e7
2968,"USA",2062.774973770218,3.564714742772757e7
2969,"USA",2063.0055573479235,3.567549440060999e7
2970,"USA",2063.235177305187,3.570375381426602e7
2971,"USA",2063.4638375593754,3.5731925853104904e7
2972,"USA",2063.6915420128717,3.576001070183473e7
2973,"USA",2063.9182945531206,3.578800854545526e7
2974,"USA",2064.14409905268,3.5815919569251046e7
2975,"USA",2064.368959369269,3.584374395878444e7
2976,"USA",2064.5928793458165,3.587148189988873e7
2977,"USA",2064.815862810511,3.5899133578661285e7
2978,"USA",2065.0379135768494,3.5926699181456834e7
2979,"USA",2065.259035443684,3.595417889488068e7
2980,"USA",2065.479232195272,3.598157290578207e7
2981,"USA",2065.6985076013248,3.600888140124753e7
2982,"USA",2065.916865417056,3.6036104568594314e7
2983,"USA",2066.134309383227,3.606324259536389e7
2984,"USA",2066.3508432262006,3.609029566931546e7
2985,"USA",2066.5664706579832,3.611726397841953e7
2986,"USA",2066.781195376277,3.6144147710851535e7
2987,"USA",2066.9950210645256,3.617094705498556e7
2988,"USA",2067.207951391963,3.619766219938803e7
2989,"USA",2067.4199900136605,3.622429333281147e7
2990,"USA",2067.631140570575,3.6250840644188374e7
2991,"USA",2067.841406689596,3.627730432262512e7
2992,"USA",2068.0507919835927,3.6303684557395734e7
2993,"USA",2068.2593000514626,3.632998153793609e7
2994,"USA",2068.4669344781773,3.635619545383774e7
2995,"USA",2068.6736988348307,3.63823264948421e7
2996,"USA",2068.879596678685,3.6408374850834504e7
2997,"USA",2069.084631553219,3.643434071183844e7
2998,"USA",2069.288806988173,3.646022426800968e7
2999,"USA",2069.4921264995965,3.648602570963061e7
3000,"USA",2069.6945935898966,3.651174522710452e7
