"model","ssp","region","pop_weight","population_unit","gdp_unit","gdp_per_capita_unit","year","pop","gdp","gdp_per_capita","growth_pop","growth_gdp_per_capita","mean_growth_pop","mean_growth_gdp_per_capita"
"PIK GDP-32","SSP1","USA",1.0,"million","billion US$2005/yr","US$2005 per person",2010,314.242013,12927.03013,41137.1796106716,NA,NA,0.0,0.0
"PIK GDP-32","SSP1","USA",1.0,"million","billion US$2005/yr","US$2005 per person",2015,327.0230595,14112.03851,43153.03798935928,0.8005323753224047,0.9614019475229441,0.0,0.0
"PIK GDP-32","SSP1","USA",1.0,"million","billion US$2005/yr","US$2005 per person",2020,340.4558085,15835.40591,46512.36816833454,0.8083425132990207,1.5106047970280478,0.8005323753224047,0.9614019475229441
"PIK GDP-32","SSP1","USA",1.0,"million","billion US$2005/yr","US$2005 per person",2025,354.0566663,17466.00942,49331.11301793895,0.7865096966403584,1.1836851230542678,0.8083425132990207,1.5106047970280478
"PIK GDP-32","SSP1","USA",1.0,"million","billion US$2005/yr","US$2005 per person",2030,367.2133217,18988.11699,51708.68230513872,0.7323881911191377,0.9458597648190015,0.7865096966403584,1.1836851230542678
"PIK GDP-32","SSP1","USA",1.0,"million","billion US$2005/yr","US$2005 per person",2035,379.916995,20656.9758,54372.33941061257,0.6825157432674755,1.0096600995561866,0.7323881911191377,0.9458597648190015
"PIK GDP-32","SSP1","USA",1.0,"million","billion US$2005/yr","US$2005 per person",2040,392.0645285,22391.53027,57111.84930620419,0.6314582464995055,0.9879696274959882,0.6825157432674755,1.0096600995561866
"PIK GDP-32","SSP1","USA",1.0,"million","billion US$2005/yr","US$2005 per person",2045,403.3603783,24157.93532,59891.69144925904,0.5696958608094826,0.9550553188118149,0.6314582464995055,0.9879696274959882
"PIK GDP-32","SSP1","USA",1.0,"million","billion US$2005/yr","US$2005 per person",2050,414.0159113,25752.20642,62201.006572763574,0.522842171429283,0.759537845123992,0.5696958608094826,0.9550553188118149
"PIK GDP-32","SSP1","USA",1.0,"million","billion US$2005/yr","US$2005 per person",2055,424.345643,27324.8938,64393.011335808624,0.4940948972330661,0.6950830690110932,0.522842171429283,0.759537845123992
"PIK GDP-32","SSP1","USA",1.0,"million","billion US$2005/yr","US$2005 per person",2060,434.5906149,28943.37745,66599.17738136135,0.47826312245988767,0.6760171146033,0.4940948972330661,0.6950830690110932
"PIK GDP-32","SSP1","USA",1.0,"million","billion US$2005/yr","US$2005 per person",2065,444.3057293,30691.07201,69076.47141609793,0.4431476516767896,0.733113141557884,0.47826312245988767,0.6760171146033
"PIK GDP-32","SSP1","USA",1.0,"million","billion US$2005/yr","US$2005 per person",2070,453.2849814,32341.97151,71350.19433052851,0.40096413327428415,0.6498201336673892,0.4431476516767896,0.733113141557884
"PIK GDP-32","SSP1","USA",1.0,"million","billion US$2005/yr","US$2005 per person",2075,461.3018721,33897.2583,73481.72715122176,0.351247898155016,0.5904703959389801,0.40096413327428415,0.6498201336673892
"PIK GDP-32","SSP1","USA",1.0,"million","billion US$2005/yr","US$2005 per person",2080,467.2648122,35564.13061,76111.2963814997,0.2572001488674758,0.7056768471468633,0.351247898155016,0.5904703959389801
"PIK GDP-32","SSP1","USA",1.0,"million","billion US$2005/yr","US$2005 per person",2085,470.8215208,37161.88287,78929.87305859789,0.15177383679385592,0.7299125759823832,0.2572001488674758,0.7056768471468633
"PIK GDP-32","SSP1","USA",1.0,"million","billion US$2005/yr","US$2005 per person",2090,472.3137214,38760.79224,82065.77637657426,0.0633068964811967,0.7822698911721382,0.15177383679385592,0.7299125759823832
"PIK GDP-32","SSP1","USA",1.0,"million","billion US$2005/yr","US$2005 per person",2095,471.3759775,40322.26267,85541.61559919544,-0.039740091142359546,0.8330892960074276,0.0633068964811967,0.7822698911721382
"PIK GDP-32","SSP1","USA",1.0,"million","billion US$2005/yr","US$2005 per person",2100,467.9304526,41791.86829,89312.13614713136,-0.14661940811989682,0.8664197167266741,-0.039740091142359546,0.8330892960074276
"PIK GDP-32","SSP1","USA",1.0,"million","billion US$2005/yr","US$2005 per person",2101,467.2524390140954,42090.65118075793,90081.18024930888,-0.1448962302276776,0.8610745810744175,-0.14661940811989682,0.8664197167266741
"PIK GDP-32","SSP1","USA",1.0,"million","billion US$2005/yr","US$2005 per person",2102,466.578866924927,42389.7520720851,90852.27616814812,-0.14415592791544715,0.85600112776625,-0.1448962302276776,0.8610745810744175
"PIK GDP-32","SSP1","USA",1.0,"million","billion US$2005/yr","US$2005 per person",2103,465.90974303175983,42689.16150622621,91625.38913318282,-0.143410673007359,0.8509560768778436,-0.14415592791544715,0.85600112776625
"PIK GDP-32","SSP1","USA",1.0,"million","billion US$2005/yr","US$2005 per person",2104,465.245032631476,42988.8669637703,92400.485655098,-0.14266934963807495,0.845940769526822,-0.143410673007359,0.8509560768778436
"PIK GDP-32","SSP1","USA",1.0,"million","billion US$2005/yr","US$2005 per person",2105,464.5847017141156,43288.85599367088,93177.53217864005,-0.14193185763327731,0.8409550209968695,-0.14266934963807495,0.845940769526822
"PIK GDP-32","SSP1","USA",1.0,"million","billion US$2005/yr","US$2005 per person",2106,463.92871658045823,43589.11618447327,93956.49509640496,-0.14119817790750955,0.8359986571349765,-0.14193185763327731,0.8409550209968695
"PIK GDP-32","SSP1","USA",1.0,"million","billion US$2005/yr","US$2005 per person",2107,463.2770438419899,43889.63516597278,94737.34075401808,-0.14046829074770123,0.8310715047554055,-0.14119817790750955,0.8359986571349765
"PIK GDP-32","SSP1","USA",1.0,"million","billion US$2005/yr","US$2005 per person",2108,462.62965041747225,44190.40061056192,95520.0354553258,-0.13974217654923007,0.8261733916934989,-0.14046829074770123,0.8310715047554055
"PIK GDP-32","SSP1","USA",1.0,"million","billion US$2005/yr","US$2005 per person",2109,461.9865035295851,44491.40023455685,96304.54546754454,-0.13901981580875586,0.821304146799289,-0.13974217654923007,0.8261733916934989
"PIK GDP-32","SSP1","USA",1.0,"million","billion US$2005/yr","US$2005 per person",2110,461.3475707016125,44792.621799500375,97090.83702636654,-0.13830118912375625,0.8164635999315203,-0.13901981580875586,0.821304146799289
"PIK GDP-32","SSP1","USA",1.0,"million","billion US$2005/yr","US$2005 per person",2111,460.7128197541684,45094.053113441434,97878.8763410212,-0.13758627719200522,0.8116515819517042,-0.13830118912375625,0.8164635999315203
"PIK GDP-32","SSP1","USA",1.0,"million","billion US$2005/yr","US$2005 per person",2112,460.0822188019655,45395.68203219132,98668.6295992915,-0.13687506081105458,0.8068679247182092,-0.13758627719200522,0.8116515819517042
"PIK GDP-32","SSP1","USA",1.0,"million","billion US$2005/yr","US$2005 per person",2113,459.45573625062366,45697.49646055634,99460.06297248468,-0.13616752087771813,0.8021124610803856,-0.13687506081105458,0.8068679247182092
"PIK GDP-32","SSP1","USA",1.0,"million","billion US$2005/yr","US$2005 per person",2114,458.83334079351823,45999.4843535471,100253.14262035624,-0.13546363838755873,0.7973850248727248,-0.13616752087771813,0.8021124610803856
"PIK GDP-32","SSP1","USA",1.0,"million","billion US$2005/yr","US$2005 per person",2115,458.21500140866823,46301.63371756451,101047.8346959869,-0.1347633944343776,0.7926854509090533,-0.13546363838755873,0.7973850248727248
"PIK GDP-32","SSP1","USA",1.0,"million","billion US$2005/yr","US$2005 per person",2116,457.6006873556632,46603.932611562326,101844.10535061134,-0.13406677020970667,0.7880135749767607,-0.1347633944343776,0.7926854509090533
"PIK GDP-32","SSP1","USA",1.0,"million","billion US$2005/yr","US$2005 per person",2117,456.9903681726287,46906.36914818652,102641.92073839852,-0.13337374700230334,0.7833692338310619,-0.13406677020970667,0.7880135749767607
"PIK GDP-32","SSP1","USA",1.0,"million","billion US$2005/yr","US$2005 per person",2118,456.3840136732288,47208.93149489123,103441.2470211826,-0.13268430619764787,0.7787522651892926,-0.13337374700230334,0.7833692338310619
"PIK GDP-32","SSP1","USA",1.0,"million","billion US$2005/yr","US$2005 per person",2119,455.7815939437067,47511.60787503176,104242.05037314404,-0.1319984292774435,0.7741625077252395,-0.13268430619764787,0.7787522651892926
"PIK GDP-32","SSP1","USA",1.0,"million","billion US$2005/yr","US$2005 per person",2120,455.1830793399621,47814.3865689342,105044.29698544026,-0.1313160978191189,0.7695998010635026,-0.1319984292774435,0.7741625077252395
"PIK GDP-32","SSP1","USA",1.0,"million","billion US$2005/yr","US$2005 per person",2121,454.5884404846637,48117.25591494213,105847.95307078524,-0.13063729349533346,0.7650639857738913,-0.1313160978191189,0.7695998010635026
"PIK GDP-32","SSP1","USA",1.0,"million","billion US$2005/yr","US$2005 per person",2122,453.9976482643988,48420.20431044029,106652.98486797747,-0.12996199807348496,0.7605549033658544,-0.13063729349533346,0.7650639857738913
"PIK GDP-32","SSP1","USA",1.0,"million","billion US$2005/yr","US$2005 per person",2123,453.4106738268572,48723.220212855296,107459.35864637607,-0.12929019341521988,0.7560723962829413,-0.12996199807348496,0.7605549033658544
"PIK GDP-32","SSP1","USA",1.0,"million","billion US$2005/yr","US$2005 per person",2124,452.82748857805046,49026.29214063361,108267.0407103241,-0.12862186147594618,0.751616307897297,-0.12929019341521988,0.7560723962829413
"PIK GDP-32","SSP1","USA",1.0,"million","billion US$2005/yr","US$2005 per person",2125,452.2480641795649,49329.40867419669,109075.99740351894,-0.12795698430434863,0.7471864825041894,-0.12862186147594618,0.751616307897297
"PIK GDP-32","SSP1","USA",1.0,"million","billion US$2005/yr","US$2005 per person",2126,451.67237254584853,49632.55845687353,109886.19511332942,-0.12729554404190663,0.742782765316568,-0.12795698430434863,0.7471864825041894
"PIK GDP-32","SSP1","USA",1.0,"million","billion US$2005/yr","US$2005 per person",2127,451.1003858415316,49935.73019581066,110697.60027505882,-0.12663752292241456,0.7384050024596559,-0.12729554404190663,0.742782765316568
"PIK GDP-32","SSP1","USA",1.0,"million","billion US$2005/yr","US$2005 per person",2128,450.53207647877946,50238.91266285974,111510.1793761538,-0.12598290327150458,0.7340530409655733,-0.12663752292241456,0.7384050024596559
"PIK GDP-32","SSP1","USA",1.0,"million","billion US$2005/yr","US$2005 per person",2129,449.9674171146784,50542.094695442735,112323.89896035873,-0.12533166750617186,0.7297267287679918,-0.12598290327150458,0.7340530409655733
"PIK GDP-32","SSP1","USA",1.0,"million","billion US$2005/yr","US$2005 per person",2130,449.406380648653,50845.26519739498,113138.72563181505,-0.12468379813430235,0.7254259146968214,-0.12533166750617186,0.7297267287679918
"PIK GDP-32","SSP1","USA",1.0,"million","billion US$2005/yr","US$2005 per person",2131,448.8489402199151,51148.41313978619,113954.62605910545,-0.12403927775420288,0.7211504484729279,-0.12468379813430235,0.7254259146968214
"PIK GDP-32","SSP1","USA",1.0,"million","billion US$2005/yr","US$2005 per person",2132,448.295069204944,51451.527561719355,114771.56697924245,-0.12339808905413388,0.7169001807028825,-0.12403927775420288,0.7211504484729279
"PIK GDP-32","SSP1","USA",1.0,"million","billion US$2005/yr","US$2005 per person",2133,447.7447412149971,51754.59757110797,115589.51520160136,-0.12276021481184421,0.712674962873741,-0.12339808905413388,0.7169001807028825
"PIK GDP-32","SSP1","USA",1.0,"million","billion US$2005/yr","US$2005 per person",2134,447.19793009365094,52057.61234543152,116408.437611797,-0.12212563789410871,0.7084746473478549,-0.12276021481184421,0.712674962873741
"PIK GDP-32","SSP1","USA",1.0,"million","billion US$2005/yr","US$2005 per person",2135,446.654609914372,52360.561132469375,117228.30117550428,-0.12149434125626797,0.7042990873577125,-0.12212563789410871,0.7084746473478549
"PIK GDP-32","SSP1","USA",1.0,"million","billion US$2005/yr","US$2005 per person",2136,446.1147549781168,52663.43325101332,118049.07294222226,-0.12086630794177049,0.7001481370008104,-0.12149434125626797,0.7042990873577125
"PIK GDP-32","SSP1","USA",1.0,"million","billion US$2005/yr","US$2005 per person",2137,445.5783398109611,52966.218091558825,118870.7200489818,-0.12024152108171722,0.6960216512345554,-0.12086630794177049,0.7001481370008104
"PIK GDP-32","SSP1","USA",1.0,"million","billion US$2005/yr","US$2005 per person",2138,445.0453391617579,53268.90511697526,119693.2097239961,-0.1196199638944085,0.691919485871197,-0.12024152108171722,0.6960216512345554
"PIK GDP-32","SSP1","USA",1.0,"million","billion US$2005/yr","US$2005 per person",2139,444.5157279998233,53571.48386315499,120516.5092902546,-0.11900161968489331,0.6878414975727885,-0.1196199638944085,0.691919485871197
"PIK GDP-32","SSP1","USA",1.0,"million","billion US$2005/yr","US$2005 per person",2140,443.9894815126503,53873.943939641824,121340.58616905956,-0.11838647184452081,0.6837875438461783,-0.11900161968489331,0.6878414975727885
"PIK GDP-32","SSP1","USA",1.0,"million","billion US$2005/yr","US$2005 per person",2141,443.4665751036504,54176.27503023888,122165.40788350596,-0.11777450385049423,0.679757483038032,-0.11838647184452081,0.6837875438461783
"PIK GDP-32","SSP1","USA",1.0,"million","billion US$2005/yr","US$2005 per person",2142,442.94698438992174,54478.46689359579,122990.94206190364,-0.11716569926542712,0.6757511743298814,-0.11777450385049423,0.679757483038032
"PIK GDP-32","SSP1","USA",1.0,"million","billion US$2005/yr","US$2005 per person",2143,442.4306852000445,54780.509363775825,123817.15644114262,-0.1165600417369018,0.6717684777332052,-0.11716569926542712,0.6757511743298814
"PIK GDP-32","SSP1","USA",1.0,"million","billion US$2005/yr","US$2005 per person",2144,441.9176535719022,55082.39235080269,124644.0188700009,-0.11595751499703015,0.6678092540845367,-0.1165600417369018,0.6717684777332052
"PIK GDP-32","SSP1","USA",1.0,"million","billion US$2005/yr","US$2005 per person",2145,441.4078657505293,55384.10584118755,125471.497312395,-0.11535810286201666,0.6638733650406015,-0.11595751499703015,0.6678092540845367
"PIK GDP-32","SSP1","USA",1.0,"million","billion US$2005/yr","US$2005 per person",2146,440.9012981859845,55685.63989843619,126299.55985057326,-0.11476178923172371,0.6599606730734834,-0.11535810286201666,0.6638733650406015
"PIK GDP-32","SSP1","USA",1.0,"million","billion US$2005/yr","US$2005 per person",2147,440.3979275312488,55986.98466353659,127128.17468825166,-0.11416855808923917,0.656071041465819,-0.11476178923172371,0.6599606730734834
"PIK GDP-32","SSP1","USA",1.0,"million","billion US$2005/yr","US$2005 per person",2148,439.8977306401495,56288.13035542712,127957.31015369255,-0.11357839350044616,0.6522043343060202,-0.11416855808923917,0.656071041465819
"PIK GDP-32","SSP1","USA",1.0,"million","billion US$2005/yr","US$2005 per person",2149,439.400684565308,56589.06727144551,128786.93470272615,-0.11299127961359502,0.6483604164835259,-0.11357839350044616,0.6522043343060202
"PIK GDP-32","SSP1","USA",1.0,"million","billion US$2005/yr","US$2005 per person",2150,438.9067665561122,56889.78578775871,129617.01692171478,-0.11240720065887763,0.6445391536840803,-0.11299127961359502,0.6483604164835259
"PIK GDP-32","SSP1","USA",1.0,"million","billion US$2005/yr","US$2005 per person",2151,438.4159540567129,57190.2763597741,130447.52553046016,-0.11182614094800375,0.6407404123850396,-0.11240720065887763,0.6445391536840803
"PIK GDP-32","SSP1","USA",1.0,"million","billion US$2005/yr","US$2005 per person",2152,437.92822470404366,57490.52952253175,131278.42938505375,-0.11124808487377967,0.6369640598507073,-0.11182614094800375,0.6407404123850396
"PIK GDP-32","SSP1","USA",1.0,"million","billion US$2005/yr","US$2005 per person",2153,437.4435563258646,57790.535891078514,132109.69748067026,-0.110673016909689,0.6332099641276948,-0.11124808487377967,0.6369640598507073
"PIK GDP-32","SSP1","USA",1.0,"million","billion US$2005/yr","US$2005 per person",2154,436.9619269388286,58090.286160823685,132941.2989543043,-0.11010092160947564,0.6294779940403121,-0.110673016909689,0.6332099641276948
"PIK GDP-32","SSP1","USA",1.0,"million","billion US$2005/yr","US$2005 per person",2155,436.48331474657016,58389.77110787663,133773.2030874508,-0.10953178360672886,0.6257680191859835,-0.11010092160947564,0.6294779940403121
"PIK GDP-32","SSP1","USA",1.0,"million","billion US$2005/yr","US$2005 per person",2156,436.00769813781744,58688.98158936656,134605.3793087286,-0.10896558761447059,0.622079909930691,-0.10953178360672886,0.6257680191859835
"PIK GDP-32","SSP1","USA",1.0,"million","billion US$2005/yr","US$2005 per person",2157,435.5350556845257,58987.908543744634,135437.79719644837,-0.10840231842474483,0.6184135374044449,-0.10896558761447059,0.622079909930691
"PIK GDP-32","SSP1","USA",1.0,"million","billion US$2005/yr","US$2005 per person",2158,435.0653661400328,59286.54299106866,136270.42648112404,-0.10784196090820912,0.6147687734967808,-0.10840231842474483,0.6184135374044449
"PIK GDP-32","SSP1","USA",1.0,"million","billion US$2005/yr","US$2005 per person",2159,434.59860843723663,59584.87603327036,137103.23704792862,-0.10728450001372818,0.6111454908522831,-0.10784196090820912,0.6147687734967808
"PIK GDP-32","SSP1","USA",1.0,"million","billion US$2005/yr","US$2005 per person",2160,434.1347616867929,59882.8988544058,137936.1989390944,-0.10672992076796967,0.6075435628661348,-0.10728450001372818,0.6111454908522831
"PIK GDP-32","SSP1","USA",1.0,"million","billion US$2005/yr","US$2005 per person",2161,433.6738051753349,60180.602720888826,138769.2823562579,-0.10617820827500198,0.6039628636796939,-0.10672992076796967,0.6075435628661348
"PIK GDP-32","SSP1","USA",1.0,"million","billion US$2005/yr","US$2005 per person",2162,433.2157183637135,60477.978981707885,139602.4576627494,-0.10562934771589413,0.6004032681760957,-0.10617820827500198,0.6039628636796939
"PIK GDP-32","SSP1","USA",1.0,"million","billion US$2005/yr","US$2005 per person",2163,432.76048088525744,60775.01906862643,140435.69538582794,-0.10508332434831776,0.5968646519758805,-0.10562934771589413,0.6004032681760957
"PIK GDP-32","SSP1","USA",1.0,"million","billion US$2005/yr","US$2005 per person",2164,432.3080725440542,61071.71449636716,141268.96621886158,-0.10454012350615109,0.593346891432648,-0.10508332434831776,0.5968646519758805
"PIK GDP-32","SSP1","USA",1.0,"million","billion US$2005/yr","US$2005 per person",2165,431.85847331325033,61368.056862780046,142102.24102345324,-0.10399973059908509,0.5898498636287368,-0.10454012350615109,0.593346891432648
"PIK GDP-32","SSP1","USA",1.0,"million","billion US$2005/yr","US$2005 per person",2166,431.4116633333717,61664.03784899484,142935.4908315128,-0.10346213111223146,0.5863734463709294,-0.10399973059908509,0.5898498636287368
"PIK GDP-32","SSP1","USA",1.0,"million","billion US$2005/yr","US$2005 per person",2167,430.9676229106632,61959.64921955767,143768.6868472751,-0.10292731060573287,0.582917518186182,-0.10346213111223146,0.5863734463709294
"PIK GDP-32","SSP1","USA",1.0,"million","billion US$2005/yr","US$2005 per person",2168,430.52633251544734,62254.88282255257,144601.80044926488,-0.10239525471437509,0.5794819583173808,-0.10292731060573287,0.582917518186182
"PIK GDP-32","SSP1","USA",1.0,"million","billion US$2005/yr","US$2005 per person",2169,430.08777278050184,62549.73058970755,145434.80319220843,-0.10186594914720107,0.576066646719122,-0.10239525471437509,0.5794819583173808
"PIK GDP-32","SSP1","USA",1.0,"million","billion US$2005/yr","US$2005 per person",2170,429.6519244994559,62844.1845364859,146267.6668088926,-0.10133937968712715,0.5726714640535172,-0.10186594914720107,0.576066646719122
"PIK GDP-32","SSP1","USA",1.0,"million","billion US$2005/yr","US$2005 per person",2171,429.2187686252048,63138.2367621627,147100.3632119713,-0.10081553219056119,0.5692962916860237,-0.10133937968712715,0.5726714640535172
"PIK GDP-32","SSP1","USA",1.0,"million","billion US$2005/yr","US$2005 per person",2172,428.7882862683427,63431.87944988674,147932.86449572002,-0.10029439258702265,0.565941011681299,-0.10081553219056119,0.5692962916860237
"PIK GDP-32","SSP1","USA",1.0,"million","billion US$2005/yr","US$2005 per person",2173,428.3604586956132,63725.10486672814,148765.14293773854,-0.09977594687876468,0.56260550679908,-0.10029439258702265,0.565941011681299
"PIK GDP-32","SSP1","USA",1.0,"million","billion US$2005/yr","US$2005 per person",2174,427.9352673283782,64017.90536371197,149597.1710006026,-0.09926018114039813,0.5592896604900862,-0.09977594687876468,0.56260550679908
"PIK GDP-32","SSP1","USA",1.0,"million","billion US$2005/yr","US$2005 per person",2175,427.5126937411029,64310.27337583775,150428.9213334642,-0.09874708151851751,0.5559933568919475,-0.09926018114039813,0.5592896604900862
"PIK GDP-32","SSP1","USA",1.0,"million","billion US$2005/yr","US$2005 per person",2176,427.09271965985994,64602.20142208549,151260.36677360177,-0.09823663423132889,0.5527164808251556,-0.09874708151851751,0.5559933568919475
"PIK GDP-32","SSP1","USA",1.0,"million","billion US$2005/yr","US$2005 per person",2177,426.67532696084874,64893.68210540815,152091.4803479197,-0.09772882556827976,0.5494589177890393,-0.09823663423132889,0.5527164808251556
"PIK GDP-32","SSP1","USA",1.0,"million","billion US$2005/yr","US$2005 per person",2178,426.26049766893266,65184.7081127108,152922.2352743987,-0.09722364188969071,0.5462205539577639,-0.09772882556827976,0.5494589177890393
"PIK GDP-32","SSP1","USA",1.0,"million","billion US$2005/yr","US$2005 per person",2179,425.84821395619247,65475.272214816825,153752.6049634961,-0.09672106962638911,0.5430012761763535,-0.09722364188969071,0.5462205539577639
"PIK GDP-32","SSP1","USA",1.0,"million","billion US$2005/yr","US$2005 per person",2180,425.43845814049627,65765.36726642126,154582.56301949784,-0.09622109527934461,0.5398009719567375,-0.09672106962638911,0.5430012761763535
"PIK GDP-32","SSP1","USA",1.0,"million","billion US$2005/yr","US$2005 per person",2181,425.0312126840854,66054.98620603148,155412.08324182165,-0.0957237054193066,0.5366195294738199,-0.09622109527934461,0.5398009719567375
"PIK GDP-32","SSP1","USA",1.0,"million","billion US$2005/yr","US$2005 per person",2182,424.62646019217647,66344.12205589548,156241.13962627202,-0.09522888668644344,0.5334568375615717,-0.0957237054193066,0.5366195294738199
"PIK GDP-32","SSP1","USA",1.0,"million","billion US$2005/yr","US$2005 per person",2183,424.22418341157896,66632.76792191796,157069.70636624782,-0.09473662578998372,0.5303127857091469,-0.09522888668644344,0.5334568375615717
"PIK GDP-32","SSP1","USA",1.0,"million","billion US$2005/yr","US$2005 per person",2184,423.82436522932863,66920.91699356443,157897.75785390244,-0.09424690950785916,0.5271872640570208,-0.09473662578998372,0.5303127857091469
"PIK GDP-32","SSP1","USA",1.0,"million","billion US$2005/yr","US$2005 per person",2185,423.42698867133595,67208.56254375349,158725.2686812573,-0.09375972468634952,0.5240801633931513,-0.09424690950785916,0.5271872640570208
"PIK GDP-32","SSP1","USA",1.0,"million","billion US$2005/yr","US$2005 per person",2186,423.0320369010501,67495.69792873753,159552.213641269,-0.09327505823972929,0.520991375149163,-0.09375972468634952,0.5240801633931513
"PIK GDP-32","SSP1","USA",1.0,"million","billion US$2005/yr","US$2005 per person",2187,422.63949321813726,67782.31658797212,160378.56772885058,-0.0927928971499162,0.5179207913965533,-0.09327505823972929,0.520991375149163
"PIK GDP-32","SSP1","USA",1.0,"million","billion US$2005/yr","US$2005 per person",2188,422.2493410571747,68068.41204397417,161204.30614184748,-0.0923132284661216,0.5148683048429216,-0.0927928971499162,0.5179207913965533
"PIK GDP-32","SSP1","USA",1.0,"million","billion US$2005/yr","US$2005 per person",2189,421.8615639863584,68353.97790216915,162029.4042819684,-0.0918360393045025,0.5118338088282195,-0.0923132284661216,0.5148683048429216
"PIK GDP-32","SSP1","USA",1.0,"million","billion US$2005/yr","US$2005 per person",2190,421.4761457062257,68639.0078507276,162853.83775567188,-0.09136131684781564,0.5088171973210247,-0.0918360393045025,0.5118338088282195
"PIK GDP-32","SSP1","USA",1.0,"million","billion US$2005/yr","US$2005 per person",2191,421.0930700483918,68923.49566039094,163677.58237500867,-0.09088904834507308,0.5058183649148356,-0.09136131684781564,0.5088171973210247
"PIK GDP-32","SSP1","USA",1.0,"million","billion US$2005/yr","US$2005 per person",2192,420.7123209743008,69207.43518428717,164500.61415842085,-0.09041922111119988,0.5028372068243885,-0.09088904834507308,0.5058183649148356
"PIK GDP-32","SSP1","USA",1.0,"million","billion US$2005/yr","US$2005 per person",2193,420.3338825739901,69490.82035773614,165322.90933149765,-0.08995182252669322,0.49987361888199594,-0.09041922111119988,0.5028372068243885
"PIK GDP-32","SSP1","USA",1.0,"million","billion US$2005/yr","US$2005 per person",2194,419.95773906486863,69773.64519804518,166144.44432768892,-0.08948684003728354,0.49692749753390686,-0.08995182252669322,0.49987361888199594
"PIK GDP-32","SSP1","USA",1.0,"million","billion US$2005/yr","US$2005 per person",2195,419.5838747905088,70055.90380429463,166965.19578897636,-0.08902426115359728,0.49399873983668835,-0.08948684003728354,0.49692749753390686
"PIK GDP-32","SSP1","USA",1.0,"million","billion US$2005/yr","US$2005 per person",2196,419.2122742194515,70337.59035711424,167785.1405665034,-0.08856407345082146,0.4910872434536285,-0.08902426115359728,0.49399873983668835
"PIK GDP-32","SSP1","USA",1.0,"million","billion US$2005/yr","US$2005 per person",2197,418.8429219440246,70618.69911844976,168604.25572116376,-0.08810626456836991,0.48819290665116066,-0.08856407345082146,0.4910872434536285
"PIK GDP-32","SSP1","USA",1.0,"million","billion US$2005/yr","US$2005 per person",2198,418.4758026791742,70899.22443132073,169422.51852414955,-0.08765082220955131,0.4853156282953085,-0.08810626456836991,0.48819290665116066
"PIK GDP-32","SSP1","USA",1.0,"million","billion US$2005/yr","US$2005 per person",2199,418.1109012613086,71179.1607195692,170239.90645745935,-0.08719773414123887,0.48245530784815244,-0.08765082220955131,0.4853156282953085
"PIK GDP-32","SSP1","USA",1.0,"million","billion US$2005/yr","US$2005 per person",2200,417.7482026471555,71458.50248759949,171056.39721436644,-0.08674698819354175,0.4796118453643164,-0.08719773414123887,0.48245530784815244
"PIK GDP-32","SSP1","USA",1.0,"million","billion US$2005/yr","US$2005 per person",2201,417.3876919126314,71737.24432010972,171871.96869984834,-0.0862985722594782,0.47678514148747553,-0.08674698819354175,0.4796118453643164
"PIK GDP-32","SSP1","USA",1.0,"million","billion US$2005/yr","US$2005 per person",2202,417.0293542517231,72015.3808818147,172686.59903097732,-0.08585247429465036,0.4739750974468847,-0.0862985722594782,0.47678514148747553
"PIK GDP-32","SSP1","USA",1.0,"million","billion US$2005/yr","US$2005 per person",2203,416.6731749753819,72292.90691716062,173500.2665372732,-0.08540868231692071,0.4711816150539271,-0.08585247429465036,0.4739750974468847
"PIK GDP-32","SSP1","USA",1.0,"million","billion US$2005/yr","US$2005 per person",2204,416.31913951042986,72569.8172500319,174312.94976101824,-0.0849671844060903,0.46840459669868323,-0.08540868231692071,0.4711816150539271
"PIK GDP-32","SSP1","USA",1.0,"million","billion US$2005/yr","US$2005 per person",2205,415.9672333984775,72846.10678345001,175124.62745753533,-0.08452796870357852,0.46564394534652054,-0.0849671844060903,0.46840459669868323
"PIK GDP-32","SSP1","USA",1.0,"million","billion US$2005/yr","US$2005 per person",2206,415.6174422948538,73121.77049926485,175935.2785954293,-0.08409102341210463,0.4628995645347025,-0.08452796870357852,0.46564394534652054
"PIK GDP-32","SSP1","USA",1.0,"million","billion US$2005/yr","US$2005 per person",2207,415.2697519675473,73396.80345783842,176744.8823567922,-0.08365633679537082,0.4601713583690181,-0.08409102341210463,0.4628995645347025
"PIK GDP-32","SSP1","USA",1.0,"million","billion US$2005/yr","US$2005 per person",2208,414.9241482961595,73671.20079772148,177553.41813737326,-0.08322389717774703,0.45745923152043133,-0.08365633679537082,0.4601713583690181
"PIK GDP-32","SSP1","USA",1.0,"million","billion US$2005/yr","US$2005 per person",2209,414.5806172708689,73944.95773532297,178360.86554671358,-0.08279369294395732,0.4547630892217498,-0.08322389717774703,0.45745923152043133
"PIK GDP-32","SSP1","USA",1.0,"million","billion US$2005/yr","US$2005 per person",2210,414.23914499140614,74218.06956457246,179167.20440824638,-0.08236571253876787,0.4520828372643137,-0.08279369294395732,0.4547630892217498
"PIK GDP-32","SSP1","USA",1.0,"million","billion US$2005/yr","US$2005 per person",2211,413.89971766604094,74490.531656576,179972.41475936308,-0.08193994446667668,0.44941838199470385,-0.08236571253876787,0.4520828372643137
"PIK GDP-32","SSP1","USA",1.0,"million","billion US$2005/yr","US$2005 per person",2212,413.56232161057943,74762.33945926523,180776.47685144612,-0.0815163772916047,0.44676963031146927,-0.08193994446667668,0.44941838199470385
"PIK GDP-32","SSP1","USA",1.0,"million","billion US$2005/yr","US$2005 per person",2213,413.2269432473723,75033.48849704028,181579.37114986856,-0.08109499963658874,0.44413648966187397,-0.0815163772916047,0.44676963031146927
"PIK GDP-32","SSP1","USA",1.0,"million","billion US$2005/yr","US$2005 per person",2214,412.8935691043338,75303.97437040631,182381.0783339612,-0.08067580018347584,0.4415188680386631,-0.08109499963658874,0.44413648966187397
"PIK GDP-32","SSP1","USA",1.0,"million","billion US$2005/yr","US$2005 per person",2215,412.5621858139711,75573.79275560404,183181.57929694772,-0.08025876767261927,0.43891667397684786,-0.08067580018347584,0.4415188680386631
"PIK GDP-32","SSP1","USA",1.0,"million","billion US$2005/yr","US$2005 per person",2216,412.23278011242456,75842.93940423436,183980.8551458484,-0.07984389090257613,0.4363298165505097,-0.08025876767261927,0.43891667397684786
"PIK GDP-32","SSP1","USA",1.0,"million","billion US$2005/yr","US$2005 per person",2217,411.9053388385172,76111.41014287734,184778.8872013527,-0.07943115872980644,0.43375820536962295,-0.07984389090257613,0.4363298165505097
"PIK GDP-32","SSP1","USA",1.0,"million","billion US$2005/yr","US$2005 per person",2218,411.5798489328155,76379.20087270548,185575.65699766143,-0.07902056006837385,0.43120175057689675,-0.07943115872980644,0.43375820536962295
"PIK GDP-32","SSP1","USA",1.0,"million","billion US$2005/yr","US$2005 per person",2219,411.2562974366995,76646.30756909178,186371.14628229896,-0.07861208388964788,0.42866036284463505,-0.07902056006837385,0.43120175057689675
"PIK GDP-32","SSP1","USA",1.0,"million","billion US$2005/yr","US$2005 per person",2220,410.93467149144334,76912.72628121238,187165.3370158957,-0.07820571922200767,0.4261339533716152,-0.07861208388964788,0.42866036284463505
"PIK GDP-32","SSP1","USA",1.0,"million","billion US$2005/yr","US$2005 per person",2221,410.61495833730487,77178.45313164436,187958.21137194213,-0.07780145515054727,0.42362243387998527,-0.07820571922200767,0.4261339533716152
"PIK GDP-32","SSP1","USA",1.0,"million","billion US$2005/yr","US$2005 per person",2222,410.2971453126257,77443.48431595834,188749.75173651363,-0.07739928081678253,0.4211257166121794,-0.07780145515054727,0.42362243387998527
"PIK GDP-32","SSP1","USA",1.0,"million","billion US$2005/yr","US$2005 per person",2223,409.98121985294017,77707.81610230665,189539.94070796797,-0.07699918541835936,0.4186437143278513,-0.07739928081678253,0.4211257166121794
"PIK GDP-32","SSP1","USA",1.0,"million","billion US$2005/yr","US$2005 per person",2224,409.6671694900944,77971.44483100656,190328.76109661473,-0.07660115820876366,0.416176340300826,-0.07699918541835936,0.4186437143278513
"PIK GDP-32","SSP1","USA",1.0,"million","billion US$2005/yr","US$2005 per person",2225,409.354981851374,78234.36691411928,191116.19592435815,-0.07620518849703262,0.4137235083160693,-0.07660115820876366,0.416176340300826
"PIK GDP-32","SSP1","USA",1.0,"million","billion US$2005/yr","US$2005 per person",2226,409.0446446586416,78496.57883502466,191902.2284243132,-0.07581126564746757,0.4112851326666754,-0.07620518849703262,0.4137235083160693
"PIK GDP-32","SSP1","USA",1.0,"million","billion US$2005/yr","US$2005 per person",2227,408.7361457274827,78758.07714799153,192686.84204039548,-0.07541937907934831,0.408861128150872,-0.07581126564746757,0.4112851326666754
"PIK GDP-32","SSP1","USA",1.0,"million","billion US$2005/yr","US$2005 per person",2228,408.42947296636174,79018.85847774438,193470.0204268862,-0.07502951826664891,0.4064514100690434,-0.07541937907934831,0.408861128150872
"PIK GDP-32","SSP1","USA",1.0,"million","billion US$2005/yr","US$2005 per person",2229,408.12461437578565,79278.91951902572,194251.7474479711,-0.07464167273775502,0.40405589422077054,-0.07502951826664891,0.4064514100690434
"PIK GDP-32","SSP1","USA",1.0,"million","billion US$2005/yr","US$2005 per person",2230,407.82155804747725,79538.25703615526,195032.0071772559,-0.0742558320751825,0.40167449690188933,-0.07464167273775502,0.40405589422077054
"PIK GDP-32","SSP1","USA",1.0,"million","billion US$2005/yr","US$2005 per person",2231,407.52029216355686,79796.86786258503,195810.7838972564,-0.07387198591529776,0.3993071349015655,-0.0742558320751825,0.40167449690188933
"PIK GDP-32","SSP1","USA",1.0,"million","billion US$2005/yr","US$2005 per person",2232,407.22080499573246,80054.74890045133,196588.06209886615,-0.07349012394803923,0.3969537254993872,-0.07387198591529776,0.3993071349015655
"PIK GDP-32","SSP1","USA",1.0,"million","billion US$2005/yr","US$2005 per person",2233,406.92308490449847,80311.89712012325,197363.8264807999,-0.07311023591664059,0.39461418646247454,-0.07349012394803923,0.3969537254993872
"PIK GDP-32","SSP1","USA",1.0,"million","billion US$2005/yr","US$2005 per person",2234,406.6271203383427,80568.30955974826,198138.0619490153,-0.07273231161735516,0.3922884360426062,-0.07311023591664059,0.39461418646247454
"PIK GDP-32","SSP1","USA",1.0,"million","billion US$2005/yr","US$2005 per person",2235,406.3328998329622,80823.9833247944,198910.75361611135,-0.07235634089918186,0.38997639297336306,-0.07273231161735516,0.3922884360426062
"PIK GDP-32","SSP1","USA",1.0,"million","billion US$2005/yr","US$2005 per person",2236,406.0404120104861,81078.91558758997,199681.88680070615,-0.07198231366359256,0.3876779764672885,-0.07235634089918186,0.38997639297336306
"PIK GDP-32","SSP1","USA",1.0,"million","billion US$2005/yr","US$2005 per person",2237,405.7496455787076,81333.10358686003,200451.44702679224,-0.07161021986426089,0.38539310621306555,-0.07198231366359256,0.3876779764672885
"PIK GDP-32","SSP1","USA",1.0,"million","billion US$2005/yr","US$2005 per person",2238,405.46058933032367,81586.54462726072,201219.420023072,-0.07124004950679229,0.38312170237271065,-0.07161021986426089,0.38539310621306555
"PIK GDP-32","SSP1","USA",1.0,"million","billion US$2005/yr","US$2005 per person",2239,405.1732321421823,81839.23607891066,201985.79172227217,-0.07087179264845563,0.3808636855787839,-0.07124004950679229,0.38312170237271065
"PIK GDP-32","SSP1","USA",1.0,"million","billion US$2005/yr","US$2005 per person",2240,404.8875629745378,82091.17537692023,202750.54826043823,-0.07050543939791613,0.378618976931616,-0.07087179264845563,0.3808636855787839
"PIK GDP-32","SSP1","USA",1.0,"million","billion US$2005/yr","US$2005 per person",2241,404.60357087031355,82342.3600209185,203513.67597621,-0.0701409799149697,0.376387497996551,-0.07050543939791613,0.378618976931616
"PIK GDP-32","SSP1","USA",1.0,"million","billion US$2005/yr","US$2005 per person",2242,404.3212449543733,82592.78757457796,204275.1614100772,-0.06977840441027863,0.374169170801206,-0.0701409799149697,0.376387497996551
"PIK GDP-32","SSP1","USA",1.0,"million","billion US$2005/yr","US$2005 per person",2243,404.04057443279817,82842.4556651373,205034.99130361728,-0.06941770314510862,0.3719639178327463,-0.06977840441027863,0.374169170801206
"PIK GDP-32","SSP1","USA",1.0,"million","billion US$2005/yr","US$2005 per person",2244,403.7615485921733,83091.36198292235,205793.1525987143,-0.0690588664310672,0.3697716620351772,-0.06941770314510862,0.3719639178327463
"PIK GDP-32","SSP1","USA",1.0,"million","billion US$2005/yr","US$2005 per person",2245,403.48415679887984,83339.50428086497,206549.63243676073,-0.06870188462984356,0.3675923268066514,-0.0690588664310672,0.3697716620351772
"PIK GDP-32","SSP1","USA",1.0,"million","billion US$2005/yr","US$2005 per person",2246,403.20838849839544,83586.88037402059,207304.41815784105,-0.06834674815294958,0.36542583599679235,-0.06870188462984356,0.3675923268066514
"PIK GDP-32","SSP1","USA",1.0,"million","billion US$2005/yr","US$2005 per person",2247,402.93423321460153,83833.48813908403,208057.4972998995,-0.06799344746146238,0.3632721139040335,-0.06834674815294958,0.36542583599679235
"PIK GDP-32","SSP1","USA",1.0,"million","billion US$2005/yr","US$2005 per person",2248,402.66168054909775,84079.3255139038,208808.85759789043,-0.06764197306576801,0.36113108527297316,-0.06799344746146238,0.3632721139040335
"PIK GDP-32","SSP1","USA",1.0,"million","billion US$2005/yr","US$2005 per person",2249,402.39072018052315,84324.39049699514,209558.486982913,-0.06729231552530662,0.3590026752917446,-0.06764197306576801,0.36113108527297316
"PIK GDP-32","SSP1","USA",1.0,"million","billion US$2005/yr","US$2005 per person",2250,402.12134186388465,84568.68114705189,210306.37358133015,-0.06694446544831886,0.3568868095894024,-0.06729231552530662,0.3590026752917446
"PIK GDP-32","SSP1","USA",1.0,"million","billion US$2005/yr","US$2005 per person",2251,401.8535354298922,84812.19558245709,211052.50571387223,-0.06659841349159366,0.35478341423332355,-0.06694446544831886,0.3568868095894024
"PIK GDP-32","SSP1","USA",1.0,"million","billion US$2005/yr","US$2005 per person",2252,401.58729078430065,85054.93198079262,211796.8718947261,-0.06625415036021723,0.352692415726624,-0.06659841349159366,0.35478341423332355
"PIK GDP-32","SSP1","USA",1.0,"million","billion US$2005/yr","US$2005 per person",2253,401.32259790725834,85296.88857834796,212539.460830609,-0.0659116668073234,0.35061374100559095,-0.06625415036021723,0.352692415726624
"PIK GDP-32","SSP1","USA",1.0,"million","billion US$2005/yr","US$2005 per person",2254,401.05944685266246,85538.06366962801,213280.2614198294,-0.06557095363384527,0.34854731743712936,-0.0659116668073234,0.35061374100559095
"PIK GDP-32","SSP1","USA",1.0,"million","billion US$2005/yr","US$2005 per person",2255,400.7978277475206,85778.45560686028,214019.26275133344,-0.06523200168826813,0.34649307281622427,-0.06557095363384527,0.34854731743712936
"PIK GDP-32","SSP1","USA",1.0,"million","billion US$2005/yr","US$2005 per person",2256,400.53773079131906,86018.0627995014,214756.45410373827,-0.06489480186638362,0.34445093536341775,-0.06523200168826813,0.34649307281622427
"PIK GDP-32","SSP1","USA",1.0,"million","billion US$2005/yr","US$2005 per person",2257,400.2791462553975,86256.88371374308,215491.82494435273,-0.06455934511104523,0.3424208337223008,-0.06489480186638362,0.34445093536341775
"PIK GDP-32","SSP1","USA",1.0,"million","billion US$2005/yr","US$2005 per person",2258,400.0220644823298,86494.9168720178,216225.3649281852,-0.06422562241192499,0.34040269695701997,-0.06455934511104523,0.3424208337223008
"PIK GDP-32","SSP1","USA",1.0,"million","billion US$2005/yr","US$2005 per person",2259,399.7664758853112,86732.1608525038,216957.0638969395,-0.06389362480527147,0.3383964545497988,-0.06422562241192499,0.34040269695701997
"PIK GDP-32","SSP1","USA",1.0,"million","billion US$2005/yr","US$2005 per person",2260,399.5123709475514,86968.61428863014,217686.91187799917,-0.06356334337366905,0.33640203639847366,-0.06389362480527147,0.3383964545497988
"PIK GDP-32","SSP1","USA",1.0,"million","billion US$2005/yr","US$2005 per person",2261,399.2597402216743,87204.27586858142,218414.89908339985,-0.06323476924579832,0.33441937281404444,-0.06356334337366905,0.33640203639847366
"PIK GDP-32","SSP1","USA",1.0,"million","billion US$2005/yr","US$2005 per person",2262,399.0085743291232,87439.1443348025,219141.01590879125,-0.06290789359619786,0.33244839451823927,-0.06323476924579832,0.33441937281404444
"PIK GDP-32","SSP1","USA",1.0,"million","billion US$2005/yr","US$2005 per person",2263,398.7588639595722,87673.21848350308,219865.2529323881,-0.06258270764502717,0.3304890326410938,-0.06290789359619786,0.33244839451823927
"PIK GDP-32","SSP1","USA",1.0,"million","billion US$2005/yr","US$2005 per person",2264,398.5105998703435,87906.49716416252,220587.6009139108,-0.06225920265783085,0.32854121871854497,-0.06258270764502717,0.3304890326410938
"PIK GDP-32","SSP1","USA",1.0,"million","billion US$2005/yr","US$2005 per person",2265,398.2637728858306,88138.97927903479,221308.05079351616,-0.06193736994530399,0.32660488469003846,-0.06225920265783085,0.32854121871854497
"PIK GDP-32","SSP1","USA",1.0,"million","billion US$2005/yr","US$2005 per person",2266,398.01837389692673,88370.66378265353,222026.59369071876,-0.06161720086305877,0.3246799628961507,-0.06193736994530399,0.32660488469003846
"PIK GDP-32","SSP1","USA",1.0,"million","billion US$2005/yr","US$2005 per person",2267,397.77439386045984,88601.54968133764,222743.22090330243,-0.06129868681139228,0.3227663860762247,-0.06161720086305877,0.3246799628961507
"PIK GDP-32","SSP1","USA",1.0,"million","billion US$2005/yr","US$2005 per person",2268,397.53182379863256,88831.63603269708,223457.9239062235,-0.06098181923505554,0.3208640873660197,-0.06129868681139228,0.3227663860762247
"PIK GDP-32","SSP1","USA",1.0,"million","billion US$2005/yr","US$2005 per person",2269,397.2906547984677,89060.92194513927,224170.69435050493,-0.06066658962302368,0.31897300029537495,-0.06098181923505554,0.3208640873660197
"PIK GDP-32","SSP1","USA",1.0,"million","billion US$2005/yr","US$2005 per person",2270,397.05087801125984,89289.406577376,224881.5240621225,-0.06035298950826738,0.317093058785887,-0.06066658962302368,0.31897300029537495
"PIK GDP-32","SSP1","USA",1.0,"million","billion US$2005/yr","US$2005 per person",2271,396.8124846520317,89517.08913793093,225590.40504088288,-0.0600410104675254,0.31522419714860084,-0.06035298950826738,0.317093058785887
"PIK GDP-32","SSP1","USA",1.0,"million","billion US$2005/yr","US$2005 per person",2272,396.57546599899615,89743.96888464791,226297.32945929407,-0.05973064412107835,0.31336635008171454,-0.0600410104675254,0.31522419714860084
"PIK GDP-32","SSP1","USA",1.0,"million","billion US$2005/yr","US$2005 per person",2273,396.3398133930237,89970.04512419974,227002.28966142863,-0.059421882132523626,0.31151945266829767,-0.05973064412107835,0.31336635008171454
"PIK GDP-32","SSP1","USA",1.0,"million","billion US$2005/yr","US$2005 per person",2274,396.1055182371149,90195.31721159826,227705.27816178,-0.059114716208551486,0.3096834403740227,-0.059421882132523626,0.31151945266829767
"PIK GDP-32","SSP1","USA",1.0,"million","billion US$2005/yr","US$2005 per person",2275,395.87257199587816,90419.78454970484,228406.28764411167,-0.05880913809872228,0.30785824904491005,-0.059114716208551486,0.3096834403740227
"PIK GDP-32","SSP1","USA",1.0,"million","billion US$2005/yr","US$2005 per person",2276,395.6409661950127,90643.44658874224,229105.3109603008,-0.05850513959524485,0.3060438149050867,-0.05880913809872228,0.30785824904491005
"PIK GDP-32","SSP1","USA",1.0,"million","billion US$2005/yr","US$2005 per person",2277,395.4106924207964,90866.3028258071,229802.3411291749,-0.05820271253275609,0.30424007455455754,-0.05850513959524485,0.3060438149050867
"PIK GDP-32","SSP1","USA",1.0,"million","billion US$2005/yr","US$2005 per person",2278,395.1817423195789,91088.35280438387,230497.37133534317,-0.0579018487881016,0.30244696496699,-0.05820271253275609,0.30424007455455754
"PIK GDP-32","SSP1","USA",1.0,"million","billion US$2005/yr","US$2005 per person",2279,394.9541075972796,91309.59611385972,231190.39492802243,-0.0576025402801175,0.3006644234875118,-0.0579018487881016,0.30244696496699
"PIK GDP-32","SSP1","USA",1.0,"million","billion US$2005/yr","US$2005 per person",2280,394.7277800188903,91530.03238904069,231881.4054198576,-0.0573047789694134,0.29889238783052197,-0.0576025402801175,0.3006644234875118
"PIK GDP-32","SSP1","USA",1.0,"million","billion US$2005/yr","US$2005 per person",2281,394.50275140798334,91749.66130966898,232570.39648573735,-0.05700855685815642,0.2971307960775139,-0.0573047789694134,0.29889238783052197
"PIK GDP-32","SSP1","USA",1.0,"million","billion US$2005/yr","US$2005 per person",2282,394.2790136462235,91968.48259994182,233257.36196160517,-0.05671386598985642,0.29537958667491226,-0.05700855685815642,0.2971307960775139
"PIK GDP-32","SSP1","USA",1.0,"million","billion US$2005/yr","US$2005 per person",2283,394.0565586728859,92186.49602803151,233942.2958432659,-0.05642069844915223,0.293638698431922,-0.05671386598985642,0.29537958667491226
"PIK GDP-32","SSP1","USA",1.0,"million","billion US$2005/yr","US$2005 per person",2284,393.8353784843775,92403.70140560703,234625.1922851884,-0.05612904636159908,0.2919080705183901,-0.05642069844915223,0.293638698431922
"PIK GDP-32","SSP1","USA",1.0,"million","billion US$2005/yr","US$2005 per person",2285,393.61546513376385,92620.09858735684,235306.04559930437,-0.05583890189345711,0.2901876424626804,-0.05612904636159908,0.2919080705183901
"PIK GDP-32","SSP1","USA",1.0,"million","billion US$2005/yr","US$2005 per person",2286,393.3968107303005,92835.68747051372,235984.8502538032,-0.05555025725148092,0.28847735414956027,-0.05583890189345711,0.2901876424626804
"PIK GDP-32","SSP1","USA",1.0,"million","billion US$2005/yr","US$2005 per person",2287,393.1794074389681,93050.46799438076,236661.60087192425,-0.055263104682710264,0.28677714581810015,-0.05555025725148092,0.28847735414956027
"PIK GDP-32","SSP1","USA",1.0,"million","billion US$2005/yr","US$2005 per person",2288,392.9632474800135,93264.44013985909,237336.29223074508,-0.054977436474261794,0.28508695805958556,-0.055263104682710264,0.28677714581810015
"PIK GDP-32","SSP1","USA",1.0,"million","billion US$2005/yr","US$2005 per person",2289,392.7483231284935,93477.6039289775,238008.91925996816,-0.05469324495312192,0.28340673181544085,-0.054977436474261794,0.28508695805958556
"PIK GDP-32","SSP1","USA",1.0,"million","billion US$2005/yr","US$2005 per person",2290,392.53462671382454,93689.9594244235,238679.47704070376,-0.05441052248594067,0.28173640837516595,-0.05469324495312192,0.28340673181544085
"PIK GDP-32","SSP1","USA",1.0,"million","billion US$2005/yr","US$2005 per person",2291,392.3221506193357,93901.50672907628,239347.9608042512,-0.05412926147882671,0.2800759293742848,-0.05441052248594067,0.28173640837516595
"PIK GDP-32","SSP1","USA",1.0,"million","billion US$2005/yr","US$2005 per person",2292,392.1108872818265,94112.24598554157,240014.365930878,-0.05384945437714332,0.2784252367923059,-0.05412926147882671,0.2800759293742848
"PIK GDP-32","SSP1","USA",1.0,"million","billion US$2005/yr","US$2005 per person",2293,391.9008291911289,94322.17737568812,240678.687948597,-0.053571093665305526,0.2767842729506949,-0.05384945437714332,0.2784252367923059
"PIK GDP-32","SSP1","USA",1.0,"million","billion US$2005/yr","US$2005 per person",2294,391.6919688896732,94531.30112018649,241340.922531942,-0.0532941718665782,0.2751529805108595,-0.053571093665305526,0.2767842729506949
"PIK GDP-32","SSP1","USA",1.0,"million","billion US$2005/yr","US$2005 per person",2295,391.4842989720586,94739.6174780492,242001.0655007419,-0.05301868154287524,0.2735313024721456,-0.0532941718665782,0.2751529805108595
"PIK GDP-32","SSP1","USA",1.0,"million","billion US$2005/yr","US$2005 per person",2296,391.2778120846272,94947.12674617348,242659.11281889383,-0.05274461529455982,0.2719191821698456,-0.05301868154287524,0.2735313024721456
"PIK GDP-32","SSP1","USA",1.0,"million","billion US$2005/yr","US$2005 per person",2297,391.0725009250427,95153.82925888566,243315.06059313513,-0.05247196576024558,0.27031656327321885,-0.05274461529455982,0.2719191821698456
"PIK GDP-32","SSP1","USA",1.0,"million","billion US$2005/yr","US$2005 per person",2298,390.8683582418728,95359.72538748758,243968.90507181484,-0.05220072561659892,0.2687233897835226,-0.05247196576024558,0.27031656327321885
"PIK GDP-32","SSP1","USA",1.0,"million","billion US$2005/yr","US$2005 per person",2299,390.6653768341757,95564.81553980538,244620.6426436644,-0.051930887578142335,0.267139606032056,-0.05220072561659892,0.2687233897835226
"PIK GDP-32","SSP1","USA",1.0,"million","billion US$2005/yr","US$2005 per person",2300,390.4635495510901,95769.10015974012,245270.2698365683,-0.051662444397058666,0.26556515667821456,-0.051930887578142335,0.267139606032056
"PIK GDP-32","SSP1","USA",1.0,"million","billion US$2005/yr","US$2005 per person",2301,390.2628692914301,95972.57972682086,245917.78331633445,-0.05139538886299647,0.2639999867075564,-0.051662444397058666,0.26556515667821456
"PIK GDP-32","SSP1","USA",1.0,"million","billion US$2005/yr","US$2005 per person",2302,390.0633290032825,96175.2547557595,246563.1798854646,-0.051129713802876335,0.2624440414298802,-0.05139538886299647,0.2639999867075564
"PIK GDP-32","SSP1","USA",1.0,"million","billion US$2005/yr","US$2005 per person",2303,389.8649216836093,96377.1257960084,247206.45648192533,-0.05086541208069821,0.2608972664773139,-0.051129713802876335,0.2624440414298802
"PIK GDP-32","SSP1","USA",1.0,"million","billion US$2005/yr","US$2005 per person",2304,389.66764037785305,96578.19343131968,247847.6101779191,-0.05060247659734973,0.25935960780241524,-0.05086541208069821,0.2608972664773139
"PIK GDP-32","SSP1","USA",1.0,"million","billion US$2005/yr","US$2005 per person",2305,389.4714781795464,96778.4582793074,248486.6381786563,-0.050340900290415554,0.25783101167628303,-0.05060247659734973,0.25935960780241524
"PIK GDP-32","SSP1","USA",1.0,"million","billion US$2005/yr","US$2005 per person",2306,389.27642822992505,96977.92099101136,249123.5378211281,-0.05008067613398764,0.2563114246866799,-0.050340900290415554,0.25783101167628303
"PIK GDP-32","SSP1","USA",1.0,"million","billion US$2005/yr","US$2005 per person",2307,389.0824837175445,97176.58225046404,249758.30657287993,-0.04982179713847656,0.25480079373616593,-0.05008067613398764,0.2563114246866799
"PIK GDP-32","SSP1","USA",1.0,"million","billion US$2005/yr","US$2005 per person",2308,388.8896378779001,97374.44277425902,250390.94203078697,-0.049564256350423726,0.2532990660402433,-0.04982179713847656,0.25480079373616593
"PIK GDP-32","SSP1","USA",1.0,"million","billion US$2005/yr","US$2005 per person",2309,388.69788399305145,97571.50331112262,251021.4419198301,-0.04930804685231466,0.2518061891255119,-0.049564256350423726,0.2532990660402433
"PIK GDP-32","SSP1","USA",1.0,"million","billion US$2005/yr","US$2005 per person",2310,388.50721539124936,97767.7646414875,251649.80409187428,-0.04905316176239316,0.2503221108278357,-0.04930804685231466,0.2518061891255119
"PIK GDP-32","SSP1","USA",1.0,"million","billion US$2005/yr","US$2005 per person",2311,388.3176254465668,97963.22757706868,252276.02652444775,-0.048799594234476475,0.24884677929052024,-0.04905316176239316,0.2503221108278357
"PIK GDP-32","SSP1","USA",1.0,"million","billion US$2005/yr","US$2005 per person",2312,388.1291075785333,98157.89296044216,252900.10731952408,-0.04854733745777141,0.24738014296250055,-0.048799594234476475,0.24884677929052024
"PIK GDP-32","SSP1","USA",1.0,"million","billion US$2005/yr","US$2005 per person",2313,387.94165525177254,98351.76166462614,253522.0447023052,-0.048296384656691387,0.24592215059653974,-0.04854733745777141,0.24738014296250055
"PIK GDP-32","SSP1","USA",1.0,"million","billion US$2005/yr","US$2005 per person",2314,387.7552619756438,98544.83459266444,254141.8370200077,-0.04804672909067445,0.2444727512474385,-0.048296384656691387,0.24592215059653974
"PIK GDP-32","SSP1","USA",1.0,"million","billion US$2005/yr","US$2005 per person",2315,387.56992130388613,98737.1126772127,254759.48274065065,-0.047798364054002236,0.24303189427025487,-0.04804672909067445,0.2444727512474385
"PIK GDP-32","SSP1","USA",1.0,"million","billion US$2005/yr","US$2005 per person",2316,387.3856268342661,98928.59688012696,255374.9804518464,-0.04755128287561983,0.24159952931853465,-0.047798364054002236,0.24303189427025487
"PIK GDP-32","SSP1","USA",1.0,"million","billion US$2005/yr","US$2005 per person",2317,387.2023722082289,99119.28819205494,255988.32885959375,-0.047305478918956596,0.2401756063425521,-0.04755128287561983,0.24159952931853465
"PIK GDP-32","SSP1","USA",1.0,"million","billion US$2005/yr","US$2005 per person",2318,387.0201511105528,99309.18763202985,256599.52678707428,-0.047060945581747934,0.2387600755875613,-0.047305478918956596,0.2401756063425521
"PIK GDP-32","SSP1","USA",1.0,"million","billion US$2005/yr","US$2005 per person",2319,386.8389572690061,99498.2962470666,257208.57317345095,-0.04681767629585791,0.23735288759205733,-0.047060945581747934,0.2387600755875613
"PIK GDP-32","SSP1","USA",1.0,"million","billion US$2005/yr","US$2005 per person",2320,386.6587844540083,99686.6151117612,257815.46707267055,-0.046575664527102864,0.23595399318604823,-0.04681767629585791,0.23735288759205733
"PIK GDP-32","SSP1","USA",1.0,"million","billion US$2005/yr","US$2005 per person",2321,386.47962647829365,99874.14532789197,258420.2076522689,-0.046334903775075896,0.23456334348933683,-0.046575664527102864,0.23595399318604823
"PIK GDP-32","SSP1","USA",1.0,"million","billion US$2005/yr","US$2005 per person",2322,386.3014771965779,100060.88802402404,259022.79419217928,-0.04609538757297227,0.23318088990981273,-0.046334903775075896,0.23456334348933683
"PIK GDP-32","SSP1","USA",1.0,"million","billion US$2005/yr","US$2005 per person",2323,386.12433050522833,100246.84435511622,259623.2260835447,-0.0458571094874157,0.23180658414175442,-0.04609538757297227,0.23318088990981273
"PIK GDP-32","SSP1","USA",1.0,"million","billion US$2005/yr","US$2005 per person",2324,385.9481803419368,100432.0155021307,260221.5028275335,-0.04562006311828556,0.23044037816414142,-0.0458571094874157,0.23180658414175442
"PIK GDP-32","SSP1","USA",1.0,"million","billion US$2005/yr","US$2005 per person",2325,385.77302068539547,100616.40267164528,260817.62403415891,-0.04538424209854498,0.22908222423897626,-0.04562006311828556,0.23044037816414142
"PIK GDP-32","SSP1","USA",1.0,"million","billion US$2005/yr","US$2005 per person",2326,385.598845554976,100800.00709546826,261411.5894211019,-0.045149640094069854,0.22773207490961647,-0.04538424209854498,0.22908222423897626
"PIK GDP-32","SSP1","USA",1.0,"million","billion US$2005/yr","US$2005 per person",2327,385.4256490104112,100982.83003025626,262003.39881253848,-0.044916250803478636,0.22638988299911636,-0.045149640094069854,0.22773207490961647
"PIK GDP-32","SSP1","USA",1.0,"million","billion US$2005/yr","US$2005 per person",2328,385.2534251514799,101164.87275713444,262593.0521379709,-0.044684067957963154,0.22505560160857843,-0.044916250803478636,0.22638988299911636
"PIK GDP-32","SSP1","USA",1.0,"million","billion US$2005/yr","US$2005 per person",2329,385.0821681176948,101346.13658131998,263180.54943106323,-0.044453085321120196,0.22372918411551487,-0.044684067957963154,0.22505560160857843
"PIK GDP-32","SSP1","USA",1.0,"million","billion US$2005/yr","US$2005 per person",2330,384.9118720879925,101526.62283174747,263765.89082848054,-0.04422329668878401,0.22241058417221826,-0.044453085321120196,0.22372918411551487
"PIK GDP-32","SSP1","USA",1.0,"million","billion US$2005/yr","US$2005 per person",2331,384.7425312804273,101706.33286069788,264349.07656873314,-0.043994695888859674,0.2210997557041422,-0.04422329668878401,0.22241058417221826
"PIK GDP-32","SSP1","USA",1.0,"million","billion US$2005/yr","US$2005 per person",2332,384.5741399518669,101885.2680434296,264930.1069910252,-0.043767276781157285,0.21979665290829128,-0.043994695888859674,0.2210997557041422
"PIK GDP-32","SSP1","USA",1.0,"million","billion US$2005/yr","US$2005 per person",2333,384.4066923976918,102063.4297778128,265508.9825341075,-0.04354103325722706,0.21850123025162071,-0.043767276781157285,0.21979665290829128
"PIK GDP-32","SSP1","USA",1.0,"million","billion US$2005/yr","US$2005 per person",2334,384.24018295149625,102240.8194839661,266085.7037351355,-0.043315959240195254,0.21721344246944532,-0.04354103325722706,0.21850123025162071
"PIK GDP-32","SSP1","USA",1.0,"million","billion US$2005/yr","US$2005 per person",2335,384.074605984793,102417.43860389624,266660.2712285314,-0.04309204868460092,0.21593324456385787,-0.043315959240195254,0.21721344246944532
"PIK GDP-32","SSP1","USA",1.0,"million","billion US$2005/yr","US$2005 per person",2336,383.90995590672014,102593.28860114043,267232.68574485177,-0.04286929557623357,0.2146605918021567,-0.04309204868460092,0.21593324456385787
"PIK GDP-32","SSP1","USA",1.0,"million","billion US$2005/yr","US$2005 per person",2337,383.7462271637507,102768.3709604117,267802.94810965995,-0.04264769393197159,0.2133954397152828,-0.04286929557623357,0.2146605918021567
"PIK GDP-32","SSP1","USA",1.0,"million","billion US$2005/yr","US$2005 per person",2338,383.5834142394048,102942.68718724654,268371.0592424031,-0.04242723779962156,0.21213774409626582,-0.04264769393197159,0.2133954397152828
"PIK GDP-32","SSP1","USA",1.0,"million","billion US$2005/yr","US$2005 per person",2339,383.4215116539648,103116.23880765589,268937.0201552947,-0.042207921257758386,0.2108874609986795,-0.04242723779962156,0.21213774409626582
"PIK GDP-32","SSP1","USA",1.0,"million","billion US$2005/yr","US$2005 per person",2340,383.26051396419234,103289.02736777844,269500.83195220213,-0.041989738415566205,0.20964454673510607,-0.042207921257758386,0.2108874609986795
"PIK GDP-32","SSP1","USA",1.0,"million","billion US$2005/yr","US$2005 per person",2341,383.10041576304826,103461.05443353698,270062.4958275398,-0.041772683412680214,0.20840895787560965,-0.041989738415566205,0.20964454673510607
"PIK GDP-32","SSP1","USA",1.0,"million","billion US$2005/yr","US$2005 per person",2342,382.94121167941535,103632.32159029764,270622.01306516706,-0.04155675041902924,0.20718065124621884,-0.041772683412680214,0.20840895787560965
"PIK GDP-32","SSP1","USA",1.0,"million","billion US$2005/yr","US$2005 per person",2343,382.782896377823,103802.83044253154,271179.3850372921,-0.04134193363467912,0.20595958392741806,-0.04155675041902924,0.20718065124621884
"PIK GDP-32","SSP1","USA",1.0,"million","billion US$2005/yr","US$2005 per person",2344,382.6254645581747,103972.58261347952,271734.61320338084,-0.04112822728967695,0.20474571325264787,-0.04134193363467912,0.20595958392741806
"PIK GDP-32","SSP1","USA",1.0,"million","billion US$2005/yr","US$2005 per person",2345,382.46891095547784,104141.57974481957,272287.69910907187,-0.04091562564389611,0.2035389968068141,-0.04112822728967695,0.20474571325264787
"PIK GDP-32","SSP1","USA",1.0,"million","billion US$2005/yr","US$2005 per person",2346,382.313230339576,104309.82349633708,272838.6443850966,-0.04070412298688204,0.2023393924248058,-0.04091562564389611,0.2035389968068141
"PIK GDP-32","SSP1","USA",1.0,"million","billion US$2005/yr","US$2005 per person",2347,382.1584175148832,104477.31554559796,273387.45074620546,-0.0404937136376989,0.2011468581900219,-0.04070412298688204,0.2023393924248058
"PIK GDP-32","SSP1","USA",1.0,"million","billion US$2005/yr","US$2005 per person",2348,382.0044673201216,104644.0575876242,273934.1199900994,-0.040284391944776975,0.19996135243290658,-0.0404937136376989,0.2011468581900219
"PIK GDP-32","SSP1","USA",1.0,"million","billion US$2005/yr","US$2005 per person",2349,381.85137462805994,104810.05133457262,274478.65399636765,-0.04007615228576085,0.19878283372949324,-0.040284391944776975,0.19996135243290658
"PIK GDP-32","SSP1","USA",1.0,"million","billion US$2005/yr","US$2005 per person",2350,381.6991343452559,104975.29851541632,275021.05472543114,-0.03986898906735841,0.19761126089995698,-0.04007615228576085,0.19878283372949324
"PIK GDP-32","SSP1","USA",1.0,"million","billion US$2005/yr","US$2005 per person",2351,381.5477414117996,105139.80087562856,275561.3242174916,-0.03966289672519061,0.19644659300717587,-0.03986898906735841,0.19761126089995698
"PIK GDP-32","SSP1","USA",1.0,"million","billion US$2005/yr","US$2005 per person",2352,381.3971908010598,105303.56017687,276099.4645914874,-0.03945786972364202,0.19528878935530036,-0.03966289672519061,0.19644659300717587
"PIK GDP-32","SSP1","USA",1.0,"million","billion US$2005/yr","US$2005 per person",2353,381.24747751943255,105466.57819667808,276635.47804405435,-0.03925390255571213,0.19413780948833134,-0.03945786972364202,0.19528878935530036
"PIK GDP-32","SSP1","USA",1.0,"million","billion US$2005/yr","US$2005 per person",2354,381.09859660609146,105628.85672815976,277169.3668484934,-0.03905098974286741,0.19299361318870656,-0.03925390255571213,0.19413780948833134
"PIK GDP-32","SSP1","USA",1.0,"million","billion US$2005/yr","US$2005 per person",2355,380.95054313274096,105790.3975796866,277701.1333537443,-0.0388491258348942,0.19185616047589532,-0.03905098974286741,0.19299361318870656
"PIK GDP-32","SSP1","USA",1.0,"million","billion US$2005/yr","US$2005 per person",2356,380.8033122033709,105951.20257459274,278230.779983365,-0.0386483054097523,0.19072541160500148,-0.0388491258348942,0.19185616047589532
"PIK GDP-32","SSP1","USA",1.0,"million","billion US$2005/yr","US$2005 per person",2357,380.656898954014,106111.27355087565,278758.3092345178,-0.03844852307342933,0.18960132706537464,-0.0386483054097523,0.19072541160500148
"PIK GDP-32","SSP1","USA",1.0,"million","billion US$2005/yr","US$2005 per person",2358,380.511298552505,106270.6123608996,279283.7236769615,-0.038249773459795834,0.18848386757922964,-0.03844852307342933,0.18960132706537464
"PIK GDP-32","SSP1","USA",1.0,"million","billion US$2005/yr","US$2005 per person",2359,380.3665061982421,106429.22087110204,279807.02595204976,-0.03805205123046118,0.18737299410027405,-0.038249773459795834,0.18848386757922964
"PIK GDP-32","SSP1","USA",1.0,"million","billion US$2005/yr","US$2005 per person",2360,380.2225171219504,106587.10096170226,280328.218771736,-0.037855351074630166,0.18626866781234386,-0.03805205123046118,0.18737299410027405
"PIK GDP-32","SSP1","USA",1.0,"million","billion US$2005/yr","US$2005 per person",2361,380.0793265854477,106744.2545264134,280847.30491758446,-0.03765966770896033,0.18517085012804713,-0.037855351074630166,0.18626866781234386
"PIK GDP-32","SSP1","USA",1.0,"million","billion US$2005/yr","US$2005 per person",2362,379.9369298814115,106900.68347215655,281364.28723978775,-0.03746499587742009,0.18407950268741569,-0.03765966770896033,0.18517085012804713
"PIK GDP-32","SSP1","USA",1.0,"million","billion US$2005/yr","US$2005 per person",2363,379.7953223331494,107056.3897187782,281879.1686561909,-0.03727133035114755,0.18299458735656476,-0.03746499587742009,0.18407950268741569
"PIK GDP-32","SSP1","USA",1.0,"million","billion US$2005/yr","US$2005 per person",2364,379.6544992943701,107211.3751987698,282391.9521513218,-0.037078665928310044,0.18191606622636045,-0.03727133035114755,0.18299458735656476
"PIK GDP-32","SSP1","USA",1.0,"million","billion US$2005/yr","US$2005 per person",2365,379.5144561489575,107365.64185699043,282902.64077542804,-0.036886997433964425,0.1808439016110952,-0.037078665928310044,0.18191606622636045
"PIK GDP-32","SSP1","USA",1.0,"million","billion US$2005/yr","US$2005 per person",2366,379.3751883107457,107519.19165039196,283411.2376435202,-0.03669631971991807,0.1797780560471709,-0.036886997433964425,0.1808439016110952
"PIK GDP-32","SSP1","USA",1.0,"million","billion US$2005/yr","US$2005 per person",2367,379.23669122329727,107672.02654774704,283917.7459344222,-0.036506627664590584,0.17871849229178985,-0.03669631971991807,0.1797780560471709
"PIK GDP-32","SSP1","USA",1.0,"million","billion US$2005/yr","US$2005 per person",2368,379.098960359682,107824.1485293795,284422.1688898275,-0.03631791617287627,0.17766517332165346,-0.036506627664590584,0.17871849229178985
"PIK GDP-32","SSP1","USA",1.0,"million","billion US$2005/yr","US$2005 per person",2369,378.9619912222587,107975.5595868978,284924.50981336244,-0.03613018017600722,0.17661806233166855,-0.03631791617287627,0.17766517332165346
"PIK GDP-32","SSP1","USA",1.0,"million","billion US$2005/yr","US$2005 per person",2370,378.8257793424582,108126.2617229308,285424.7720696557,-0.035943414631417224,0.1755771227336613,-0.03613018017600722,0.17661806233166855
"PIK GDP-32","SSP1","USA",1.0,"million","billion US$2005/yr","US$2005 per person",2371,378.69032028056864,108276.25695086634,285922.959083415,-0.0357576145226063,0.17454231815509882,-0.035943414631417224,0.1755771227336613
"PIK GDP-32","SSP1","USA",1.0,"million","billion US$2005/yr","US$2005 per person",2372,378.5556096255224,108425.54729459235,286419.07433850976,-0.03557277485900594,0.17351361243781815,-0.0357576145226063,0.17454231815509882
"PIK GDP-32","SSP1","USA",1.0,"million","billion US$2005/yr","US$2005 per person",2373,378.4216429946847,108574.1347882408,286913.1213770609,-0.03538889067584509,0.17249096963676291,-0.03557277485900594,0.17351361243781815
"PIK GDP-32","SSP1","USA",1.0,"million","billion US$2005/yr","US$2005 per person",2374,378.2884160336446,108722.02147593384,287405.10379853717,-0.03520595703401678,0.17147435401872724,-0.03538889067584509,0.17249096963676291
"PIK GDP-32","SSP1","USA",1.0,"million","billion US$2005/yr","US$2005 per person",2375,378.15592441600694,108869.20941153316,287895.02525885816,-0.03502396901994547,0.17046373006110724,-0.03520595703401678,0.17147435401872724
"PIK GDP-32","SSP1","USA",1.0,"million","billion US$2005/yr","US$2005 per person",2376,378.0241638431869,109015.7006583914,288382.8894695039,-0.03484292174545507,0.16945906245065973,-0.03502396901994547,0.17046373006110724
"PIK GDP-32","SSP1","USA",1.0,"million","billion US$2005/yr","US$2005 per person",2377,377.8931300442056,109161.49728910626,288868.70019663137,-0.034662810347637636,0.16846031608226836,-0.03484292174545507,0.16945906245065973
"PIK GDP-32","SSP1","USA",1.0,"million","billion US$2005/yr","US$2005 per person",2378,377.7628187754884,109306.60138527756,289352.4612601976,-0.03448362998872276,0.1674674560577169,-0.034662810347637636,0.16846031608226836
"PIK GDP-32","SSP1","USA",1.0,"million","billion US$2005/yr","US$2005 per person",2379,377.6332258206634,109451.01503726628,289834.17653308966,-0.034305375855947624,0.1664804476844699,-0.03448362998872276,0.1674674560577169
"PIK GDP-32","SSP1","USA",1.0,"million","billion US$2005/yr","US$2005 per person",2380,377.50434699036344,109594.74034395652,290313.8499402608,-0.034128043161427736,0.16549925647446043,-0.034305375855947624,0.1664804476844699
"PIK GDP-32","SSP1","USA",1.0,"million","billion US$2005/yr","US$2005 per person",2381,377.3761781220283,109737.77941252,290791.4854578743,-0.03395162714202832,0.16452384814288498,-0.034128043161427736,0.16549925647446043
"PIK GDP-32","SSP1","USA",1.0,"million","billion US$2005/yr","US$2005 per person",2382,377.2487150797096,109880.1343581828,291267.0871124532,-0.03377612305923639,0.1635541886070055,-0.03395162714202832,0.16452384814288498
"PIK GDP-32","SSP1","USA",1.0,"million","billion US$2005/yr","US$2005 per person",2383,377.1219537538766,110021.80730399508,291740.6589800372,-0.03360152619903346,0.16259024398495847,-0.03377612305923639,0.1635541886070055
"PIK GDP-32","SSP1","USA",1.0,"million","billion US$2005/yr","US$2005 per person",2384,376.9958900612242,110162.8003806027,292212.2051853463,-0.03342783187176895,0.16163198059457104,-0.03360152619903346,0.16259024398495847
"PIK GDP-32","SSP1","USA",1.0,"million","billion US$2005/yr","US$2005 per person",2385,376.8705199444824,110303.11572602192,292681.7299009509,-0.033255035412034166,0.16067936495218405,-0.03342783187176895,0.16163198059457104
"PIK GDP-32","SSP1","USA",1.0,"million","billion US$2005/yr","US$2005 per person",2386,376.7458393722272,110442.7554854162,293149.237346449,-0.033083132178537075,0.15973236377148206,-0.033255035412034166,0.16067936495218405
"PIK GDP-32","SSP1","USA",1.0,"million","billion US$2005/yr","US$2005 per person",2387,376.62184433869334,110581.72181087545,293614.7317876498,-0.03291211755397756,0.15879094396233032,-0.033083132178537075,0.15973236377148206
"PIK GDP-32","SSP1","USA",1.0,"million","billion US$2005/yr","US$2005 per person",2388,376.4985308635882,110720.01686119802,294078.21753576444,-0.03274198694492347,0.15785507262961837,-0.03291211755397756,0.15879094396233032
"PIK GDP-32","SSP1","USA",1.0,"million","billion US$2005/yr","US$2005 per person",2389,376.37589499190807,110857.64280167494,294539.69894660317,-0.032572735781687144,0.15692471707211084,-0.03274198694492347,0.15785507262961837
"PIK GDP-32","SSP1","USA",1.0,"million","billion US$2005/yr","US$2005 per person",2390,376.25393279375504,110994.6018038764,294999.18041977915,-0.03240435951820279,0.15599984478130463,-0.032572735781687144,0.15692471707211084
"PIK GDP-32","SSP1","USA",1.0,"million","billion US$2005/yr","US$2005 per person",2391,376.132640364156,111130.89604544111,295456.6663979196,-0.032236853631904275,0.1550804234402931,-0.03240435951820279,0.15599984478130463
"PIK GDP-32","SSP1","USA",1.0,"million","billion US$2005/yr","US$2005 per person",2392,376.01201382288315,111266.52770986746,295912.16136588255,-0.03207021362360371,0.15416642092263674,-0.032236853631904275,0.1550804234402931
"PIK GDP-32","SSP1","USA",1.0,"million","billion US$2005/yr","US$2005 per person",2393,375.89204931427554,111401.49898630768,296365.6698499818,-0.0319044350173706,0.15325780529124075,-0.03207021362360371,0.15416642092263674
"PIK GDP-32","SSP1","USA",1.0,"million","billion US$2005/yr","US$2005 per person",2394,375.77274300706273,111535.81206936372,296817.19641721697,-0.03173951336041157,0.15235454479723898,-0.0319044350173706,0.15325780529124075
"PIK GDP-32","SSP1","USA",1.0,"million","billion US$2005/yr","US$2005 per person",2395,375.6540910941895,111669.46915888623,297266.74567451165,-0.03157544422295083,0.15145660787888462,-0.03173951336041157,0.15235454479723898
"PIK GDP-32","SSP1","USA",1.0,"million","billion US$2005/yr","US$2005 per person",2396,375.53608979264214,111802.4724597752,297714.32226795726,-0.03141222319811115,0.15056396316044737,-0.03157544422295083,0.15145660787888462
"PIK GDP-32","SSP1","USA",1.0,"million","billion US$2005/yr","US$2005 per person",2397,375.4187353432763,111934.82418178316,298159.930882064,-0.03124984590179549,0.14967657945111704,-0.03141222319811115,0.15056396316044737
"PIK GDP-32","SSP1","USA",1.0,"million","billion US$2005/yr","US$2005 per person",2398,375.3020240106461,112066.52653932088,298603.5762390184,-0.031088307972569274,0.14879442574391372,-0.03124984590179549,0.14967657945111704
"PIK GDP-32","SSP1","USA",1.0,"million","billion US$2005/yr","US$2005 per person",2399,375.1859520828346,112197.58175126524,299045.2630979476,-0.03092760507154322,0.1479174712146044,-0.031088307972569274,0.14879442574391372
"PIK GDP-32","SSP1","USA",1.0,"million","billion US$2005/yr","US$2005 per person",2400,375.070515871286,112327.99204076912,299484.99625418975,-0.0307677328822568,0.14704568522062586,-0.03092760507154322,0.1479174712146044
"PIK GDP-32","SSP1","USA",1.0,"million","billion US$2005/yr","US$2005 per person",2401,374.955711710639,112457.7596350741,299922.7805385721,-0.03060868711056231,0.14617903730001386,-0.0307677328822568,0.14704568522062586
"PIK GDP-32","SSP1","USA",1.0,"million","billion US$2005/yr","US$2005 per person",2402,374.84153595856145,112586.88676532492,300358.6208166945,-0.030450463484509506,0.14531749717033893,-0.03060868711056231,0.14617903730001386
"PIK GDP-32","SSP1","USA",1.0,"million","billion US$2005/yr","US$2005 per person",2403,374.72798499558667,112715.37566638638,300792.52198822,-0.030293057754230898,0.14446103472764804,-0.030450463484509506,0.14531749717033893
"PIK GDP-32","SSP1","USA",1.0,"million","billion US$2005/yr","US$2005 per person",2404,374.6150552249508,112843.2285766625,301224.48898617225,-0.03013646569182756,0.14360962004541286,-0.030293057754230898,0.14446103472764804
"PIK GDP-32","SSP1","USA",1.0,"million","billion US$2005/yr","US$2005 per person",2405,374.50274307243166,112970.44773791789,301654.5267762392,-0.0299806830912556,0.14276322337348402,-0.03013646569182756,0.14360962004541286
"PIK GDP-32","SSP1","USA",1.0,"million","billion US$2005/yr","US$2005 per person",2406,374.391044986189,113097.03539510108,302082.64035608317,-0.029825705768213168,0.14192181513705152,-0.0299806830912556,0.14276322337348402
"PIK GDP-32","SSP1","USA",1.0,"million","billion US$2005/yr","US$2005 per person",2407,374.27995743660586,113222.99379617044,302508.83475465747,-0.029671529560028068,0.1410853659356114,-0.029825705768213168,0.14192181513705152
"PIK GDP-32","SSP1","USA",1.0,"million","billion US$2005/yr","US$2005 per person",2408,374.1694769161313,113348.32519192185,302933.1150315301,-0.029518150325545958,0.14025384654193845,-0.029671529560028068,0.1410853659356114
"PIK GDP-32","SSP1","USA",1.0,"million","billion US$2005/yr","US$2005 per person",2409,374.0595999391248,113473.03183581882,303355.48627621285,-0.02936556394501911,0.13942722790106482,-0.029518150325545958,0.14025384654193845
"PIK GDP-32","SSP1","USA",1.0,"million","billion US$2005/yr","US$2005 per person",2410,373.9503230417011,113597.11598382468,303775.953607498,-0.029213766319995754,0.1386054811292649,-0.02936556394501911,0.13942722790106482
"PIK GDP-32","SSP1","USA",1.0,"million","billion US$2005/yr","US$2005 per person",2411,373.8416427815771,113720.57989423664,304194.5221728005,-0.029062753373210008,0.1377885775130461,-0.029213766319995754,0.1386054811292649
"PIK GDP-32","SSP1","USA",1.0,"million","billion US$2005/yr","US$2005 per person",2412,373.73355573792,113843.42582752233,304611.19714750693,-0.02891252104847234,0.13697648850814537,-0.029062753373210008,0.1377885775130461
"PIK GDP-32","SSP1","USA",1.0,"million","billion US$2005/yr","US$2005 per person",2413,373.6260585111956,113965.65604615818,305025.9837343311,-0.028763065310560647,0.13616918573853193,-0.02891252104847234,0.13697648850814537
"PIK GDP-32","SSP1","USA",1.0,"million","billion US$2005/yr","US$2005 per person",2414,373.5191477230195,114087.27281447008,305438.8871626755,-0.028614382145111843,0.1353666409954158,-0.028763065310560647,0.13616918573853193
"PIK GDP-32","SSP1","USA",1.0,"million","billion US$2005/yr","US$2005 per person",2415,373.4128200160081,114208.27839847573,305849.91268799943,-0.02846646755851405,0.13456882623626193,-0.028614382145111843,0.1353666409954158
"PIK GDP-32","SSP1","USA",1.0,"million","billion US$2005/yr","US$2005 per person",2416,373.30707205363154,114328.67506572945,306259.06559119327,-0.02831931757779932,0.13377571358381063,-0.02846646755851405,0.13456882623626193
"PIK GDP-32","SSP1","USA",1.0,"million","billion US$2005/yr","US$2005 per person",2417,373.2019005200677,114448.46508516886,306666.3511779592,-0.028172928250536928,0.13298727532510318,-0.02831931757779932,0.13377571358381063
"PIK GDP-32","SSP1","USA",1.0,"million","billion US$2005/yr","US$2005 per person",2418,373.0973021200572,114567.65072696336,307071.7747781977,-0.028027295644727217,0.13220348391051367,-0.028172928250536928,0.13298727532510318
"PIK GDP-32","SSP1","USA",1.0,"million","billion US$2005/yr","US$2005 per person",2419,372.9932735787598,114686.23426236508,307475.34174540115,-0.02788241584869597,0.13142431195278637,-0.028027295644727217,0.13220348391051367
"PIK GDP-32","SSP1","USA",1.0,"million","billion US$2005/yr","US$2005 per person",2420,372.88981164161186,114804.2179635612,307877.05745605275,-0.027738284970989346,0.13064973222607865,-0.02788241584869597,0.13142431195278637
"PIK GDP-32","SSP1","USA",1.0,"million","billion US$2005/yr","US$2005 per person",2421,372.786913074185,114921.60410352897,308276.927309032,-0.027594899140269368,0.1298797176650097,-0.027738284970989346,0.13064973222607865
"PIK GDP-32","SSP1","USA",1.0,"million","billion US$2005/yr","US$2005 per person",2422,372.68457466204575,115038.39495589188,308674.9567250265,-0.02745225450520993,0.12911424136371483,-0.027594899140269368,0.1298797176650097
"PIK GDP-32","SSP1","USA",1.0,"million","billion US$2005/yr","US$2005 per person",2423,372.58279321061656,115154.5927947784,309071.1511459492,-0.027310347234393344,0.12835327657490533,-0.02745225450520993,0.12911424136371483
"PIK GDP-32","SSP1","USA",1.0,"million","billion US$2005/yr","US$2005 per person",2424,372.48156554503765,115270.19989468242,309465.51603436284,-0.027169173516207446,0.1275967967089339,-0.027310347234393344,0.12835327657490533
"PIK GDP-32","SSP1","USA",1.0,"million","billion US$2005/yr","US$2005 per person",2425,372.38088851003033,115385.21853032548,309858.0568729093,-0.027028729558743206,0.12684477533286542,-0.027169173516207446,0.1275967967089339
"PIK GDP-32","SSP1","USA",1.0,"million","billion US$2005/yr","US$2005 per person",2426,372.28075896976105,115499.65097652104,310248.7791637457,-0.026889011589692875,0.12609718616955345,-0.027028729558743206,0.12684477533286542
"PIK GDP-32","SSP1","USA",1.0,"million","billion US$2005/yr","US$2005 per person",2427,372.1811738077069,115613.49950804062,310637.68842798617,-0.026750015856248664,0.12535400309672204,-0.026889011589692875,0.12609718616955345
"PIK GDP-32","SSP1","USA",1.0,"million","billion US$2005/yr","US$2005 per person",2428,372.0821299265217,115726.7663994817,311024.7902051498,-0.02661173862500195,0.1246152001460529,-0.026750015856248664,0.12535400309672204
"PIK GDP-32","SSP1","USA",1.0,"million","billion US$2005/yr","US$2005 per person",2429,371.9836242479038,115839.45392513755,311410.0900526143,-0.026474176181842987,0.1238807515022781,-0.02661173862500195,0.1246152001460529
"PIK GDP-32","SSP1","USA",1.0,"million","billion US$2005/yr","US$2005 per person",2430,371.88565371246426,115951.56435886894,311793.5935450759,-0.02633732483186116,0.123150631502278,-0.026474176181842987,0.1238807515022781
"PIK GDP-32","SSP1","USA",1.0,"million","billion US$2005/yr","US$2005 per person",2431,371.7882152795967,116063.09997397744,312175.3062740147,-0.026201180899245717,0.12242481463418446,-0.02633732483186116,0.123150631502278
"PIK GDP-32","SSP1","USA",1.0,"million","billion US$2005/yr","US$2005 per person",2432,371.6913059273477,116174.06304308077,312555.23384716624,-0.026065740727187064,0.12170327553648952,-0.026201180899245717,0.12242481463418446
"PIK GDP-32","SSP1","USA",1.0,"million","billion US$2005/yr","US$2005 per person",2433,371.5949226522884,116284.4558379899,312933.38188799866,-0.025931000677778523,0.12098598899715915,-0.026065740727187064,0.12170327553648952
"PIK GDP-32","SSP1","USA",1.0,"million","billion US$2005/yr","US$2005 per person",2434,371.4990624693874,116394.28062958764,313309.7560351956,-0.02579695713191863,0.12027292995275228,-0.025931000677778523,0.12098598899715915
"PIK GDP-32","SSP1","USA",1.0,"million","billion US$2005/yr","US$2005 per person",2435,371.40372241188413,116503.53968770948,313684.36194214516,-0.02566360648921392,0.11956407348754508,-0.02579695713191863,0.12027292995275228
"PIK GDP-32","SSP1","USA",1.0,"million","billion US$2005/yr","US$2005 per person",2436,371.30889953116366,116612.23528102558,314057.2052764343,-0.025530945167882225,0.11885939483266031,-0.02566360648921392,0.11956407348754508
"PIK GDP-32","SSP1","USA",1.0,"million","billion US$2005/yr","US$2005 per person",2437,371.21459089663233,116720.36967692504,314428.29171934887,-0.025398969604656464,0.11815886936520188,-0.025530945167882225,0.11885939483266031
"PIK GDP-32","SSP1","USA",1.0,"million","billion US$2005/yr","US$2005 per person",2438,371.1207935955944,116827.94514140156,314797.62696537963,-0.025267676254688936,0.11746247260739445,-0.025398969604656464,0.11815886936520188
"PIK GDP-32","SSP1","USA",1.0,"million","billion US$2005/yr","US$2005 per person",2439,371.02750473312955,116934.96393894075,315165.21672173345,-0.02513706159145611,0.11677018022572815,-0.025267676254688936,0.11746247260739445
"PIK GDP-32","SSP1","USA",1.0,"million","billion US$2005/yr","US$2005 per person",2440,370.9347214319716,117041.42833240933,315531.0667078504,-0.025007122106663886,0.11608196803010828,-0.02513706159145611,0.11677018022572815
"PIK GDP-32","SSP1","USA",1.0,"million","billion US$2005/yr","US$2005 per person",2441,370.8424408323879,117147.3405829459,315895.1826549263,-0.02487785431015339,0.11539781197301012,-0.025007122106663886,0.11608196803010828
"PIK GDP-32","SSP1","USA",1.0,"million","billion US$2005/yr","US$2005 per person",2442,370.75066009206006,117252.70294985332,316257.570305441,-0.024749254729807213,0.1147176881486386,-0.02487785431015339,0.11539781197301012
"PIK GDP-32","SSP1","USA",1.0,"million","billion US$2005/yr","US$2005 per person",2443,370.65937638596495,117357.51769049282,316618.23541269137,-0.024621319911456146,0.11404157279209301,-0.024749254729807213,0.1147176881486386
"PIK GDP-32","SSP1","USA",1.0,"million","billion US$2005/yr","US$2005 per person",2444,370.5685869062574,117461.78706017951,316977.18374033086,-0.024494046418786403,0.11336944227853664,-0.024621319911456146,0.11404157279209301
"PIK GDP-32","SSP1","USA",1.0,"million","billion US$2005/yr","US$2005 per person",2445,370.4782888621533,117565.5133120798,317334.42106191366,-0.024367430833247335,0.1127012731223712,-0.024494046418786403,0.11336944227853664
"PIK GDP-32","SSP1","USA",1.0,"million","billion US$2005/yr","US$2005 per person",2446,370.3884794798137,117668.69869711026,317689.95316044445,-0.024241469753959594,0.11203704197641626,-0.024367430833247335,0.1127012731223712
"PIK GDP-32","SSP1","USA",1.0,"million","billion US$2005/yr","US$2005 per person",2447,370.29915600223035,117771.34546383788,318043.78582793346,-0.02411615979762379,0.1113767256310934,-0.024241469753959594,0.11203704197641626
"PIK GDP-32","SSP1","USA",1.0,"million","billion US$2005/yr","US$2005 per person",2448,370.21031568911104,117873.45585838232,318395.9248649573,-0.023991497598429626,0.11072030101361527,-0.02411615979762379,0.1113767256310934
"PIK GDP-32","SSP1","USA",1.0,"million","billion US$2005/yr","US$2005 per person",2449,370.1219558167669,117975.03212431924,318746.376080224,-0.02386747980796547,0.11006774518717935,-0.023991497598429626,0.11072030101361527
"PIK GDP-32","SSP1","USA",1.0,"million","billion US$2005/yr","US$2005 per person",2450,370.0340736780001,118076.07650258548,319095.14529014454,-0.02374410309512844,0.10941903535016648,-0.02386747980796547,0.11006774518717935
"PIK GDP-32","SSP1","USA",1.0,"million","billion US$2005/yr","US$2005 per person",2451,369.9466665819922,118176.59123138568,319442.2383184088,-0.02362136414603492,0.10877414883534414,-0.02374410309512844,0.10941903535016648
"PIK GDP-32","SSP1","USA",1.0,"million","billion US$2005/yr","US$2005 per person",2452,369.859731854194,118276.5785461002,319787.6609955667,-0.02349925966393155,0.10813306310907445,-0.02362136414603492,0.10877414883534414
"PIK GDP-32","SSP1","USA",1.0,"million","billion US$2005/yr","US$2005 per person",2453,369.7732668362158,118376.04067919492,320131.4191586148,-0.02337778636910668,0.10749575577052672,-0.02349925966393155,0.10813306310907445
"PIK GDP-32","SSP1","USA",1.0,"million","billion US$2005/yr","US$2005 per person",2454,369.6872688857183,118474.9798601321,320473.51865058776,-0.023256940998802267,0.10686220455089478,-0.02337778636910668,0.10749575577052672
"PIK GDP-32","SSP1","USA",1.0,"million","billion US$2005/yr","US$2005 per person",2455,369.6017353763051,118573.39831528308,320813.965320155,-0.02313672030712625,0.10623238731261885,-0.023256940998802267,0.10686220455089478
"PIK GDP-32","SSP1","USA",1.0,"million","billion US$2005/yr","US$2005 per person",2456,369.5166636974154,118671.2982678421,321152.76502122235,-0.02301712106496536,0.10560628204861199,-0.02313672030712625,0.10623238731261885
"PIK GDP-32","SSP1","USA",1.0,"million","billion US$2005/yr","US$2005 per person",2457,369.4320512542173,118768.68193774173,321489.92361253843,-0.022898140059898393,0.10498386688149115,-0.02301712106496536,0.10560628204861199
"PIK GDP-32","SSP1","USA",1.0,"million","billion US$2005/yr","US$2005 per person",2458,369.347895467503,118865.55154156969,321825.4469573065,-0.022779774096109904,0.10436512006281273,-0.022898140059898393,0.10498386688149115
"PIK GDP-32","SSP1","USA",1.0,"million","billion US$2005/yr","US$2005 per person",2459,369.26419377358366,118961.90929248708,322159.3409228007,-0.022662019994304394,0.10375001997231262,-0.022779774096109904,0.10436512006281273
"PIK GDP-32","SSP1","USA",1.0,"million","billion US$2005/yr","US$2005 per person",2460,369.18094362418566,119057.75740014794,322491.61137998744,-0.0225448745916209,0.10313854511715076,-0.022662019994304394,0.10375001997231262
"PIK GDP-32","SSP1","USA",1.0,"million","billion US$2005/yr","US$2005 per person",2461,369.0981424863476,119153.09807062028,322822.26420315175,-0.022428334741548043,0.10253067413116017,-0.0225448745916209,0.10313854511715076
"PIK GDP-32","SSP1","USA",1.0,"million","billion US$2005/yr","US$2005 per person",2462,369.0157878423181,119247.93350630836,323151.3052695282,-0.022312397313839518,0.10192638577410029,-0.022428334741548043,0.10253067413116017
"PIK GDP-32","SSP1","USA",1.0,"million","billion US$2005/yr","US$2005 per person",2463,368.9338771894539,119342.26590587648,323478.7404589364,-0.022197059194430005,0.1013256589309149,-0.022312397313839518,0.10192638577410029
"PIK GDP-32","SSP1","USA",1.0,"million","billion US$2005/yr","US$2005 per person",2464,368.85240804011977,119436.09746417384,323804.575653422,-0.022082317285351538,0.10072847261099424,-0.022197059194430005,0.1013256589309149
"PIK GDP-32","SSP1","USA",1.0,"million","billion US$2005/yr","US$2005 per person",2465,368.77137792158805,119529.43037216103,324128.81673690147,-0.02196816850465029,0.1001348059474416,-0.022082317285351538,0.10072847261099424
"PIK GDP-32","SSP1","USA",1.0,"million","billion US$2005/yr","US$2005 per person",2466,368.6907843759397,119622.2668168377,324451.4695948123,-0.02185460978630378,0.09954463819634418,-0.02196816850465029,0.1001348059474416
"PIK GDP-32","SSP1","USA",1.0,"million","billion US$2005/yr","US$2005 per person",2467,368.61062495996583,119714.60898117136,324772.5401137673,-0.021741638080138546,0.09895794873604825,-0.02185460978630378,0.09954463819634418
"PIK GDP-32","SSP1","USA",1.0,"million","billion US$2005/yr","US$2005 per person",2468,368.5308972450701,119806.45904402768,325092.0341812137,-0.021629250351748192,0.09837471706643858,-0.021741638080138546,0.09895794873604825
"PIK GDP-32","SSP1","USA",1.0,"million","billion US$2005/yr","US$2005 per person",2469,368.45159881717166,119897.8191801021,325409.9576850969,-0.021517443582411897,0.09779492280822213,-0.021629250351748192,0.09837471706643858
"PIK GDP-32","SSP1","USA",1.0,"million","billion US$2005/yr","US$2005 per person",2470,368.372727276609,119988.69155985246,325726.3165135285,-0.021406214769013332,0.09721854570221598,-0.021517443582411897,0.09779492280822213
"PIK GDP-32","SSP1","USA",1.0,"million","billion US$2005/yr","US$2005 per person",2471,368.29428023804456,120079.07834943297,326041.1165544592,-0.021295560923959993,0.09664556560863939,-0.021406214769013332,0.09721854570221598
"PIK GDP-32","SSP1","USA",1.0,"million","billion US$2005/yr","US$2005 per person",2472,368.2162553303699,120168.98171062944,326354.36369535554,-0.021185479075102955,0.09607596250641014,-0.021295560923959993,0.09664556560863939
"PIK GDP-32","SSP1","USA",1.0,"million","billion US$2005/yr","US$2005 per person",2473,368.1386501966118,120258.4038007959,326666.06382288167,-0.021075966265657043,0.09550971649244483,-0.021185479075102955,0.09607596250641014
"PIK GDP-32","SSP1","USA",1.0,"million","billion US$2005/yr","US$2005 per person",2474,368.0614624938388,120347.34677279204,326976.22282258526,-0.020967019554121415,0.0949468077809636,-0.021075966265657043,0.09550971649244483
"PIK GDP-32","SSP1","USA",1.0,"million","billion US$2005/yr","US$2005 per person",2475,367.98468989306866,120435.81277492207,327284.8465785875,-0.020858636014200543,0.09438721670279861,-0.020967019554121415,0.0949468077809636
"PIK GDP-32","SSP1","USA",1.0,"million","billion US$2005/yr","US$2005 per person",2476,367.9083300791765,120523.80395087472,327591.94097327767,-0.020750812734725628,0.09383092370470689,-0.020858636014200543,0.09438721670279861
"PIK GDP-32","SSP1","USA",1.0,"million","billion US$2005/yr","US$2005 per person",2477,367.83238075080345,120611.3224396646,327897.5118870123,-0.0206435468195764,0.09327790934868702,-0.020750812734725628,0.09383092370470689
"PIK GDP-32","SSP1","USA",1.0,"million","billion US$2005/yr","US$2005 per person",2478,367.7568396202664,120698.37037557426,328201.56519781775,-0.020536835387603314,0.09272815431129994,-0.0206435468195764,0.09327790934868702
"PIK GDP-32","SSP1","USA",1.0,"million","billion US$2005/yr","US$2005 per person",2479,367.6817044134677,120784.94988809784,328504.10678109777,-0.020430675572550197,0.09218163938299381,-0.020536835387603314,0.09272815431129994
"PIK GDP-32","SSP1","USA",1.0,"million","billion US$2005/yr","US$2005 per person",2480,367.6069728698065,120871.06310188546,328805.14250934456,-0.02032506452297722,0.09163834546743274,-0.020430675572550197,0.09218163938299381
"PIK GDP-32","SSP1","USA",1.0,"million","billion US$2005/yr","US$2005 per person",2481,367.5326427420898,120956.71213668924,329104.6782518545,-0.020219999402184344,0.0910982535808295,-0.02032506452297722,0.09163834546743274
"PIK GDP-32","SSP1","USA",1.0,"million","billion US$2005/yr","US$2005 per person",2482,367.458711796445,121041.89910730984,329402.71987444785,-0.0201154773881351,0.09056134485128225,-0.020219999402184344,0.0910982535808295
"PIK GDP-32","SSP1","USA",1.0,"million","billion US$2005/yr","US$2005 per person",2483,367.3851778122324,121126.62612354444,329699.2732391922,-0.020011495673380807,0.0900276005181151,-0.0201154773881351,0.09056134485128225
"PIK GDP-32","SSP1","USA",1.0,"million","billion US$2005/yr","US$2005 per person",2484,367.3120385819588,121210.8952901357,329994.3442041303,-0.019908051464985154,0.08949700193122255,-0.020011495673380807,0.0900276005181151
"PIK GDP-32","SSP1","USA",1.0,"million","billion US$2005/yr","US$2005 per person",2485,367.2392919111917,121294.70870672194,330287.93862301164,-0.01980514198444919,0.08896953055041781,-0.019908051464985154,0.08949700193122255
"PIK GDP-32","SSP1","USA",1.0,"million","billion US$2005/yr","US$2005 per person",2486,367.1669356184738,121378.06846778802,330580.06234502816,-0.019702764467636694,0.08844516794478503,-0.01980514198444919,0.08896953055041781
"PIK GDP-32","SSP1","USA",1.0,"million","billion US$2005/yr","US$2005 per person",2487,367.0949675352388,121460.9766626176,330870.7212145537,-0.019600916164699913,0.08792389579203523,-0.019702764467636694,0.08844516794478503
"PIK GDP-32","SSP1","USA",1.0,"million","billion US$2005/yr","US$2005 per person",2488,367.0233855057268,121543.43537524636,331159.92107088736,-0.01949959434000572,0.08740569587786608,-0.019600916164699913,0.08792389579203523
"PIK GDP-32","SSP1","USA",1.0,"million","billion US$2005/yr","US$2005 per person",2489,366.95218738690176,121625.44668441603,331447.66774800105,-0.019398796272062136,0.08689055009532548,-0.01949959434000572,0.08740569587786608
"PIK GDP-32","SSP1","USA",1.0,"million","billion US$2005/yr","US$2005 per person",2490,366.8813710483679,121707.0126635298,331733.9670742903,-0.01929851925344522,0.08637844044417889,-0.019398796272062136,0.08689055009532548
"PIK GDP-32","SSP1","USA",1.0,"million","billion US$2005/yr","US$2005 per person",2491,366.8109343722885,121788.13538060834,332018.8248723293,-0.019198760590726352,0.08586934903028032,-0.01929851925344522,0.08637844044417889
"PIK GDP-32","SSP1","USA",1.0,"million","billion US$2005/yr","US$2005 per person",2492,366.7408752533031,121868.81689824698,332302.2469586293,-0.019099517604399895,0.08536325806494706,-0.019198760590726352,0.08586934903028032
"PIK GDP-32","SSP1","USA",1.0,"million","billion US$2005/yr","US$2005 per person",2493,366.67119159844816,121949.05927357406,332584.2391434009,-0.019000787628811213,0.08486014986433817,-0.019099517604399895,0.08536325806494706
"PIK GDP-32","SSP1","USA",1.0,"million","billion US$2005/yr","US$2005 per person",2494,366.60188132707555,122028.86455820984,332864.80723032047,-0.018902568012085078,0.08436000684883652,-0.019000787628811213,0.08486014986433817
"PIK GDP-32","SSP1","USA",1.0,"million","billion US$2005/yr","US$2005 per person",2495,366.5329423707733,122108.23479822652,333143.95701629913,-0.01880485611605443,0.08386281154243455,-0.018902568012085078,0.08436000684883652
"PIK GDP-32","SSP1","USA",1.0,"million","billion US$2005/yr","US$2005 per person",2496,366.4643726732862,122187.1720341095,333421.6942912564,-0.018707649316189547,0.0833685465721236,-0.01880485611605443,0.08386281154243455
"PIK GDP-32","SSP1","USA",1.0,"million","billion US$2005/yr","US$2005 per person",2497,366.3961701904378,122265.67830071913,333698.02483789716,-0.018610945001527508,0.08287719466728688,-0.018707649316189547,0.0833685465721236
"PIK GDP-32","SSP1","USA",1.0,"million","billion US$2005/yr","US$2005 per person",2498,366.32833289005174,122343.75562725346,333972.9544314914,-0.018514740574602093,0.082388738659096,-0.018610945001527508,0.08287719466728688
"PIK GDP-32","SSP1","USA",1.0,"million","billion US$2005/yr","US$2005 per person",2499,366.2608587518748,122421.40603721228,334246.4888396586,-0.01841903345137401,0.08190316147991104,-0.018514740574602093,0.082388738659096
"PIK GDP-32","SSP1","USA",1.0,"million","billion US$2005/yr","US$2005 per person",2500,366.1937457675001,122498.63154836163,334518.63382215495,-0.018323821061161476,0.08142044616268419,-0.01841903345137401,0.08190316147991104
